TEAM_ID,TEAM_NAME,GP,W,L,W_PCT,MIN,FGM,FGA,FG_PCT,FG3M,FG3A,FG3_PCT,FTM,FTA,FT_PCT,OREB,DREB,REB,AST,TOV,STL,BLK,BLKA,PF,PFD,PTS,PLUS_MINUS,GP_RANK,W_RANK,L_RANK,W_PCT_RANK,MIN_RANK,FGM_RANK,FGA_RANK,FG_PCT_RANK,FG3M_RANK,FG3A_RANK,FG3_PCT_RANK,FTM_RANK,FTA_RANK,FT_PCT_RANK,OREB_RANK,DREB_RANK,REB_RANK,AST_RANK,TOV_RANK,STL_RANK,BLK_RANK,BLKA_RANK,PF_RANK,PFD_RANK,PTS_RANK,PLUS_MINUS_RANK,SEASON_ID,SEASON_TYPE,POSS,OFF_RATING_CUSTOM
1610612738,Boston Celtics,7,3,4,0.429,341.0,230,520,0.442,34,104,0.327,120,159,0.755,72,204,276,116,107.0,59,45,46,178,0,614,-4.0,9,9,1,8,9,10,10,9,11,11,9,11,11,7,11,9,9,11,8,9,9,8,8,8,11,5,2004-05,Playoffs,599.9616,102.33988308585084
1610612756,Phoenix Suns,15,9,6,0.6,725.0,627,1272,0.493,129,296,0.436,297,387,0.767,181,466,647,307,193.0,91,94,73,301,0,1680,63.0,3,4,11,3,4,3,3,1,2,3,1,4,4,6,4,4,3,3,12,5,3,12,13,8,3,4,2004-05,Playoffs,1396.1088,120.33446103913964
1610612763,Memphis Grizzlies,4,0,4,0.0,192.0,166,351,0.473,31,79,0.392,48,68,0.706,47,111,158,84,43.0,23,18,31,98,0,411,-44.0,15,15,1,15,16,14,15,3,13,15,3,16,16,15,16,16,16,15,1,16,15,3,1,8,15,14,2004-05,Playoffs,361.8432,113.58511089886449
1610612741,Chicago Bulls,6,2,4,0.333,288.0,213,508,0.419,54,139,0.388,135,187,0.722,85,182,267,130,91.0,38,30,39,175,0,615,-11.0,11,11,1,11,11,11,11,13,8,9,5,10,9,13,9,11,10,9,6,12,11,7,7,8,10,6,2004-05,Playoffs,572.4287999999999,107.43694237606496
1610612742,Dallas Mavericks,13,6,7,0.462,629.0,495,1094,0.452,86,227,0.379,291,370,0.786,187,378,565,227,171.0,94,66,77,295,2,1367,-21.0,5,5,13,6,5,5,5,7,5,6,7,5,5,4,3,6,5,6,11,4,6,13,12,3,5,9,2004-05,Playoffs,1191.168,114.76130990758652
1610612745,Houston Rockets,7,3,4,0.429,336.0,245,526,0.466,50,124,0.403,143,181,0.79,75,189,264,126,100.0,51,41,34,173,2,683,-19.0,9,9,1,8,10,9,9,4,10,10,2,9,10,3,10,10,11,10,7,10,10,5,6,3,9,7,2004-05,Playoffs,605.4144,112.81528817286144
1610612754,Indiana Pacers,13,6,7,0.462,629.0,375,949,0.395,73,231,0.316,269,343,0.784,142,379,521,234,196.0,105,77,86,286,0,1092,-38.0,5,5,13,6,5,7,6,16,6,5,11,6,6,5,5,5,6,5,13,3,5,14,10,8,6,12,2004-05,Playoffs,1107.7632,98.57702440377147
1610612758,Sacramento Kings,5,1,4,0.2,240.0,192,431,0.445,29,104,0.279,98,123,0.797,65,115,180,101,56.0,31,20,24,129,3,511,-22.0,12,12,1,12,14,12,12,8,14,11,15,13,14,2,12,15,13,12,3,14,13,2,4,2,12,10,2004-05,Playoffs,457.0752,111.79779607381892
1610612743,Denver Nuggets,5,1,4,0.2,245.0,164,393,0.417,11,42,0.262,112,152,0.737,51,146,197,82,65.0,32,29,35,135,0,451,-51.0,12,12,1,12,12,15,14,14,16,16,16,12,12,10,14,12,12,16,5,13,12,6,5,8,14,15,2004-05,Playoffs,454.9248,99.13726400495204
1610612751,New Jersey Nets,4,0,4,0.0,202.0,134,339,0.395,25,86,0.291,94,125,0.752,52,119,171,85,52.0,30,5,14,123,0,387,-51.0,15,15,1,15,15,16,16,15,15,14,14,14,13,8,13,14,15,14,2,15,16,1,3,8,16,15,2004-05,Playoffs,378.24,102.31598984771573
1610612755,Philadelphia 76ers,5,1,4,0.2,245.0,174,398,0.437,33,97,0.34,73,102,0.716,48,126,174,99,64.0,43,20,32,109,1,454,-40.0,12,12,1,12,12,13,13,10,12,13,8,15,15,14,15,13,14,13,4,11,13,4,2,5,13,13,2004-05,Playoffs,440.5248,103.0588970246397
1610612759,San Antonio Spurs,23,16,7,0.696,1114.0,798,1759,0.454,164,422,0.389,469,645,0.727,284,684,968,423,334.0,128,133,135,504,1,2229,100.0,2,1,13,2,2,2,2,6,1,1,4,1,1,12,2,2,2,2,16,2,2,15,15,5,2,2,2004-05,Playoffs,2009.088,110.9458620030581
1610612760,Seattle SuperSonics,11,6,5,0.545,528.0,390,852,0.458,53,173,0.306,251,314,0.799,139,304,443,178,152.0,72,50,56,287,4,1084,-19.0,7,5,10,5,7,6,7,5,9,8,12,7,8,1,6,7,7,7,10,8,8,11,11,1,7,7,2004-05,Playoffs,963.0336,112.56097398886185
1610612764,Washington Wizards,10,4,6,0.4,480.0,351,826,0.425,56,188,0.298,246,338,0.728,129,299,428,172,137.0,82,58,54,254,0,1004,-25.0,8,8,11,10,8,8,8,12,7,7,13,8,7,11,7,8,8,8,9,6,7,10,9,8,8,11,2004-05,Playoffs,943.4112,106.42231086508195
1610612748,Miami Heat,15,11,4,0.733,730.0,540,1097,0.492,90,232,0.388,300,449,0.668,124,500,624,284,230.0,82,86,51,368,0,1470,64.0,3,3,1,1,3,4,4,2,4,4,6,3,3,16,8,3,4,4,14,6,4,9,14,8,4,3,2004-05,Playoffs,1344.5376,109.3312674930028
1610612765,Detroit Pistons,25,15,10,0.6,1210.0,863,1974,0.437,113,347,0.326,419,565,0.742,309,748,1057,512,305.0,183,153,138,526,1,2258,118.0,1,2,16,3,1,1,1,11,3,2,10,2,2,9,1,1,1,1,15,1,1,16,16,5,1,1,2004-05,Playoffs,2129.856,106.01655698789028
1610612765,Detroit Pistons,18,10,8,0.556,864.0,578,1338,0.432,124,333,0.372,370,511,0.724,204,494,698,336,214.0,116,74,77,367,428,1650,57.0,4,3,14,4,4,4,4,15,3,4,6,3,3,15,3,4,4,4,13,3,4,14,13,4,4,3,2005-06,Playoffs,1509.9263999999998,109.2768495206124
1610612746,Los Angeles Clippers,12,7,5,0.583,586.0,476,969,0.491,54,143,0.378,262,321,0.816,132,415,547,249,186.0,60,71,50,287,269,1268,45.0,7,5,9,3,7,5,6,2,8,9,5,6,7,2,6,5,6,5,11,8,6,10,9,7,6,4,2005-06,Playoffs,1117.6704,113.45026225978609
1610612754,Indiana Pacers,6,2,4,0.333,288.0,187,422,0.443,40,117,0.342,122,163,0.748,50,174,224,107,95.0,36,27,19,149,151,536,-22.0,10,10,1,10,12,14,14,13,11,11,7,13,13,10,15,11,13,11,6,12,10,2,5,11,13,10,2005-06,Playoffs,517.1712,103.64072864072864
1610612747,Los Angeles Lakers,7,3,4,0.429,346.0,264,582,0.454,50,150,0.333,126,165,0.764,77,221,298,120,105.0,45,22,24,160,150,704,-47.0,9,9,1,9,9,9,9,6,9,8,8,12,12,8,9,9,9,9,8,9,12,4,8,12,9,13,2005-06,Playoffs,655.296,107.43236644203536
1610612741,Chicago Bulls,6,2,4,0.333,288.0,204,458,0.445,47,119,0.395,135,182,0.742,53,183,236,110,95.0,34,23,32,155,157,590,-18.0,10,10,1,10,12,12,12,11,10,10,2,11,10,12,13,10,10,10,6,13,11,7,6,10,11,9,2005-06,Playoffs,556.8768,105.94803015675996
1610612742,Dallas Mavericks,23,14,9,0.609,1124.0,831,1842,0.451,110,347,0.317,522,645,0.809,280,701,981,351,295.0,152,99,110,587,562,2294,94.0,1,2,15,2,1,1,1,8,4,3,13,1,2,3,1,2,1,3,15,2,2,16,16,2,1,1,2005-06,Playoffs,2055.168,111.62104509217735
1610612743,Denver Nuggets,5,1,4,0.2,240.0,163,429,0.38,15,68,0.221,96,132,0.727,70,139,209,99,59.0,34,21,29,116,135,437,-38.0,14,14,1,14,14,15,13,16,15,14,16,14,14,13,11,14,14,14,1,13,13,6,2,14,15,11,2005-06,Playoffs,457.0368,95.61593289643196
1610612739,Cleveland Cavaliers,13,7,6,0.538,634.0,437,999,0.437,55,172,0.32,246,322,0.764,162,387,549,210,188.0,85,55,70,320,273,1175,-41.0,5,5,10,5,6,7,5,14,7,7,12,7,6,7,4,6,5,8,12,5,7,13,12,6,7,12,2005-06,Playoffs,1120.0128,104.9095153198249
1610612764,Washington Wizards,6,2,4,0.333,298.0,212,472,0.449,37,115,0.322,149,200,0.745,69,166,235,105,77.0,41,33,26,136,161,610,1.0,10,10,1,10,10,10,10,10,12,12,11,9,9,11,12,12,11,12,4,11,8,5,4,9,10,7,2005-06,Playoffs,545.28,111.86913145539908
1610612749,Milwaukee Bucks,5,1,4,0.2,240.0,189,401,0.471,26,62,0.419,84,107,0.785,53,132,185,105,66.0,30,12,22,134,100,488,-48.0,14,14,1,14,14,13,15,5,14,15,1,15,16,5,13,15,15,12,3,15,16,3,3,16,14,14,2005-06,Playoffs,442.6368000000001,110.24840230184203
1610612756,Phoenix Suns,20,10,10,0.5,980.0,801,1661,0.482,184,470,0.391,358,431,0.831,153,580,733,468,231.0,113,87,85,438,433,2144,24.0,3,3,16,7,3,2,3,3,1,1,4,4,4,1,5,3,3,1,14,4,3,15,14,3,3,6,2005-06,Playoffs,1851.4944,115.79835186106963
1610612759,San Antonio Spurs,13,7,6,0.538,639.0,474,963,0.492,78,199,0.392,314,404,0.777,106,377,483,227,173.0,85,72,55,308,346,1340,29.0,5,5,10,5,5,6,7,1,5,5,3,5,5,6,8,7,7,7,10,5,5,11,11,5,5,5,2005-06,Playoffs,1159.4496,115.57207833785964
1610612748,Miami Heat,23,16,7,0.696,1109.0,801,1666,0.481,146,439,0.333,466,711,0.655,219,748,967,402,357.0,161,105,67,553,591,2214,87.0,1,1,13,1,2,2,2,4,2,2,9,2,1,16,2,1,2,2,16,1,1,12,15,1,2,2,2005-06,Playoffs,2032.1664,108.94777120613746
1610612751,New Jersey Nets,11,5,6,0.455,528.0,377,834,0.452,59,192,0.307,223,293,0.761,110,315,425,243,140.0,76,28,41,293,264,1036,-10.0,8,8,10,8,8,8,8,7,6,6,15,8,8,9,7,8,8,6,9,7,9,9,10,8,8,8,2005-06,Playoffs,953.2032,108.68616471283352
1610612763,Memphis Grizzlies,4,0,4,0.0,197.0,120,266,0.451,15,48,0.313,82,113,0.726,33,104,137,56,64.0,19,15,18,110,112,337,-56.0,16,16,1,16,16,16,16,9,15,16,14,16,15,14,16,16,16,16,2,16,14,1,1,15,16,15,2005-06,Playoffs,332.8512,101.2464428549454
1610612758,Sacramento Kings,6,2,4,0.333,293.0,208,469,0.443,31,94,0.33,137,173,0.792,74,156,230,92,78.0,45,15,34,156,137,584,-57.0,10,10,1,10,11,11,11,12,13,13,10,10,11,4,10,13,12,15,5,9,14,8,7,13,12,16,2005-06,Playoffs,527.1552,110.78331390831391
1610612765,Detroit Pistons,16,10,6,0.625,778.0,523,1216,0.43,93,266,0.35,323,421,0.767,189,460,649,322,213.0,113,75,59,382,357,1462,47.0,4,3,12,2,4,4,4,10,4,4,7,4,4,7,4,4,4,4,13,4,3,13,13,4,4,3,2006-07,Playoffs,1368.2304,106.85334867577858
1610612747,Los Angeles Lakers,5,1,4,0.2,240.0,190,430,0.442,32,99,0.323,78,108,0.722,71,146,217,72,76.0,29,20,20,115,93,490,-52.0,12,12,1,12,12,12,12,9,11,11,12,13,14,14,10,13,12,14,4,12,14,4,5,13,12,16,2006-07,Playoffs,463.2192,105.78145292768522
1610612744,Golden State Warriors,11,5,6,0.455,533.0,402,893,0.45,122,341,0.358,247,336,0.735,126,295,421,189,164.0,113,60,54,293,276,1173,19.0,6,8,12,8,6,6,6,5,2,2,5,5,5,11,5,8,7,8,11,4,5,11,12,5,5,6,2006-07,Playoffs,1035.6863999999998,113.25822179377852
1610612745,Houston Rockets,7,3,4,0.429,336.0,208,507,0.41,50,156,0.321,145,184,0.788,69,222,291,127,104.0,49,29,34,135,160,611,-22.0,9,9,1,9,9,9,9,16,9,9,13,9,9,2,11,9,9,9,8,10,10,8,7,9,9,9,2006-07,Playoffs,598.0416,102.16680578742348
1610612741,Chicago Bulls,10,6,4,0.6,480.0,325,756,0.43,59,166,0.355,215,295,0.729,116,303,419,206,153.0,70,42,44,221,255,924,11.0,8,5,1,3,8,8,8,11,8,8,6,6,6,12,6,7,8,7,10,7,7,9,10,7,8,8,2006-07,Playoffs,885.8879999999999,104.30212397052448
1610612743,Denver Nuggets,5,1,4,0.2,240.0,168,397,0.423,23,72,0.319,82,105,0.781,65,152,217,88,76.0,28,21,26,90,89,441,-30.0,12,12,1,12,12,13,13,12,14,14,14,12,15,3,12,12,12,12,4,13,12,6,2,15,13,10,2006-07,Playoffs,436.032,101.13936591809774
1610612739,Cleveland Cavaliers,20,12,8,0.6,970.0,642,1526,0.421,108,331,0.326,384,521,0.737,238,628,866,350,260.0,144,69,76,414,419,1776,43.0,1,2,15,3,1,2,2,14,3,3,10,1,1,10,1,1,1,3,14,1,4,14,15,1,2,4,2006-07,Playoffs,1706.1504,104.09398843150052
1610612742,Dallas Mavericks,6,2,4,0.333,288.0,205,485,0.423,42,133,0.316,139,180,0.772,84,182,266,107,98.0,50,30,26,143,149,591,-40.0,10,10,1,10,10,10,10,13,10,10,15,10,10,5,9,11,10,10,7,9,9,6,8,10,10,14,2006-07,Playoffs,555.072,106.4726738152888
1610612753,Orlando Magic,4,0,4,0.0,192.0,138,289,0.478,10,29,0.345,66,114,0.579,45,116,161,72,59.0,17,14,17,97,92,352,-36.0,14,14,1,14,14,14,16,1,16,16,8,16,12,16,13,14,14,14,2,16,15,2,3,14,16,13,2006-07,Playoffs,339.03360000000004,103.82451768792237
1610612756,Phoenix Suns,11,6,5,0.545,528.0,429,900,0.477,78,206,0.379,209,268,0.78,101,343,444,257,152.0,70,57,58,216,248,1145,55.0,6,5,11,5,7,5,5,2,6,7,2,7,8,4,8,6,6,6,9,7,6,12,9,8,6,2,2006-07,Playoffs,1026.1632,111.58069203806956
1610612761,Toronto Raptors,6,2,4,0.333,288.0,195,441,0.442,32,87,0.368,123,153,0.804,44,183,227,97,88.0,46,24,21,128,128,545,-32.0,10,10,1,10,10,11,11,8,11,12,4,11,11,1,14,10,11,11,6,11,11,5,6,11,11,11,2006-07,Playoffs,530.2272,102.7861264001545
1610612759,San Antonio Spurs,20,16,4,0.8,960.0,705,1535,0.459,151,393,0.384,352,486,0.724,210,602,812,397,278.0,142,110,92,410,415,1913,79.0,1,1,1,1,2,1,1,3,1,1,1,3,2,13,3,2,2,1,16,2,1,15,14,2,1,1,2006-07,Playoffs,1744.1663999999998,109.67990210108394
1610612762,Utah Jazz,17,9,8,0.529,821.0,619,1350,0.459,73,214,0.341,353,471,0.749,221,530,751,377,272.0,125,81,94,419,395,1664,15.0,3,4,15,6,3,3,3,4,7,6,9,2,3,8,2,3,3,2,15,3,2,16,16,3,3,7,2006-07,Playoffs,1543.9104,107.77827521597108
1610612764,Washington Wizards,4,0,4,0.0,192.0,137,332,0.413,25,82,0.305,67,87,0.77,41,105,146,75,35.0,22,12,14,85,76,366,-35.0,14,14,1,14,14,15,14,15,13,13,16,14,16,6,15,16,15,13,1,15,16,1,1,16,14,12,2006-07,Playoffs,349.70879999999994,104.6585044471286
1610612748,Miami Heat,4,0,4,0.0,192.0,133,299,0.445,22,68,0.324,67,109,0.615,32,113,145,71,59.0,25,21,17,101,94,355,-44.0,14,14,1,14,14,16,15,6,15,15,11,14,13,15,16,15,16,16,2,14,12,2,4,12,15,15,2006-07,Playoffs,359.00159999999994,98.88535315720044
1610612751,New Jersey Nets,12,6,6,0.5,576.0,391,880,0.444,92,250,0.368,208,280,0.743,103,375,478,276,193.0,76,35,48,254,257,1082,22.0,5,5,12,7,5,7,7,7,5,5,3,8,7,9,7,5,5,5,12,6,8,10,11,6,7,5,2006-07,Playoffs,1049.472,103.09946334918894
1610612747,Los Angeles Lakers,21,14,7,0.667,1013.0,772,1651,0.468,146,398,0.367,461,612,0.753,185,646,831,436,279.0,151,111,92,489,525,2151,46.0,2,2,13,1,2,2,2,2,2,2,3,2,2,8,2,2,2,2,15,2,2,15,15,2,2,2,2007-08,Playoffs,1933.7088,111.2370176936672
1610612737,Atlanta Hawks,7,3,4,0.429,336.0,205,499,0.411,28,87,0.322,172,220,0.782,81,187,268,122,111.0,30,40,40,141,175,610,-84.0,9,9,1,9,9,9,9,14,13,13,12,9,9,5,9,9,9,9,9,13,9,8,8,9,9,16,2007-08,Playoffs,600.7679999999999,101.53669969106213
1610612738,Boston Celtics,26,16,10,0.615,1248.0,873,1953,0.447,157,437,0.359,541,691,0.783,288,752,1040,559,333.0,198,112,129,631,593,2444,136.0,1,1,16,2,1,1,1,6,1,1,4,1,1,4,1,1,1,1,16,1,1,16,16,1,1,1,2007-08,Playoffs,2209.9584,110.59031699420224
1610612739,Cleveland Cavaliers,13,7,6,0.538,624.0,404,963,0.42,87,252,0.345,274,380,0.721,153,379,532,262,180.0,78,63,55,287,305,1169,28.0,5,5,11,5,5,7,7,12,5,5,9,4,4,13,5,6,5,5,12,6,6,11,11,5,6,5,2007-08,Playoffs,1110.912,105.2288570111764
1610612742,Dallas Mavericks,5,1,4,0.2,240.0,158,394,0.401,36,104,0.346,118,150,0.787,72,154,226,97,58.0,20,20,28,103,112,470,-44.0,13,13,1,13,14,15,15,16,10,12,8,12,14,3,12,13,12,11,2,16,14,4,2,14,15,14,2007-08,Playoffs,428.16,109.77204783258595
1610612743,Denver Nuggets,4,0,4,0.0,192.0,151,354,0.427,18,72,0.25,86,116,0.741,66,129,195,74,58.0,25,19,25,102,90,406,-53.0,16,16,1,16,16,16,16,10,15,15,15,15,15,11,13,16,16,16,2,15,15,1,1,15,16,15,2007-08,Playoffs,381.1584,106.51739539257169
1610612745,Houston Rockets,6,2,4,0.333,288.0,193,472,0.409,35,120,0.292,107,157,0.682,78,174,252,93,65.0,41,33,37,127,131,528,-15.0,10,10,1,10,10,10,10,15,12,9,14,13,12,15,11,10,10,15,5,11,11,7,6,13,11,9,2007-08,Playoffs,506.9568,104.15088622935916
1610612765,Detroit Pistons,17,10,7,0.588,816.0,576,1266,0.455,77,226,0.341,325,405,0.802,180,436,616,349,220.0,125,99,67,396,370,1554,39.0,3,3,13,3,4,4,4,5,6,6,10,3,3,2,3,4,4,3,14,3,3,12,14,3,4,4,2007-08,Playoffs,1424.832,109.065489826169
1610612755,Philadelphia 76ers,6,2,4,0.333,288.0,187,448,0.417,11,47,0.234,130,180,0.722,81,148,229,95,89.0,53,22,41,115,142,515,-42.0,10,10,1,10,10,13,12,13,16,16,16,11,10,12,9,14,11,12,7,8,13,9,5,10,12,13,2007-08,Playoffs,513.792,100.23511459890383
1610612756,Phoenix Suns,5,1,4,0.2,250.0,190,412,0.461,25,74,0.338,97,152,0.638,47,161,208,94,62.0,26,35,25,113,138,502,-10.0,13,13,1,13,13,12,14,4,14,14,11,14,13,16,16,12,14,13,4,14,10,1,3,12,13,8,2007-08,Playoffs,474.1248,105.87929591533708
1610612759,San Antonio Spurs,17,9,8,0.529,826.0,604,1355,0.446,128,341,0.375,263,353,0.745,153,557,710,346,217.0,90,70,90,383,345,1599,-15.0,3,4,15,6,3,3,3,7,3,3,2,5,5,10,5,3,3,4,13,4,4,14,13,4,3,9,2007-08,Playoffs,1511.3472,105.79964683164796
1610612761,Toronto Raptors,5,1,4,0.2,240.0,186,428,0.435,42,120,0.35,83,96,0.865,49,147,196,120,50.0,36,12,26,114,90,497,-23.0,13,13,1,13,14,14,13,9,9,9,6,16,16,1,15,15,15,10,1,12,16,3,4,15,14,12,2007-08,Playoffs,452.3904,109.86086353733413
1610612762,Utah Jazz,12,6,6,0.5,581.0,437,982,0.445,70,200,0.35,243,324,0.75,174,358,532,257,155.0,78,69,78,306,274,1187,-3.0,6,7,11,7,6,6,5,8,7,7,6,6,6,9,4,7,5,6,11,6,5,13,12,6,5,7,2007-08,Playoffs,1061.3375999999998,111.84000265325568
1610612753,Orlando Magic,10,5,5,0.5,480.0,354,754,0.469,90,253,0.356,173,243,0.712,117,312,429,174,145.0,48,49,34,205,220,971,16.0,8,8,9,7,8,8,8,1,4,4,5,8,7,14,8,8,8,8,10,9,8,6,9,8,8,6,2007-08,Playoffs,853.3631999999999,113.78508002219924
1610612740,New Orleans Hornets,12,7,5,0.583,576.0,451,972,0.464,69,168,0.411,188,243,0.774,123,382,505,231,106.0,87,61,48,248,248,1159,44.0,6,5,9,4,7,5,6,3,8,8,1,7,7,6,7,5,7,7,8,5,7,10,10,7,7,3,2007-08,Playoffs,1019.4432,113.68951207875044
1610612764,Washington Wizards,6,2,4,0.333,288.0,192,451,0.426,36,118,0.305,133,174,0.764,58,166,224,94,74.0,43,29,29,137,139,553,-20.0,10,10,1,10,10,11,11,11,10,11,13,10,11,7,14,11,13,13,6,10,12,5,7,11,10,11,2007-08,Playoffs,521.8176,105.97572791718792
1610612765,Detroit Pistons,4,0,4,0.0,192.0,126,308,0.409,12,49,0.245,48,58,0.828,30,104,134,66,45.0,17,12,18,95,63,312,-62.0,16,16,1,16,16,16,16,14,16,16,16,16,16,1,16,16,16,16,1,16,16,1,1,16,16,14,2008-09,Playoffs,334.5792,93.25146333065535
1610612737,Atlanta Hawks,11,4,7,0.364,528.0,331,810,0.409,67,193,0.347,195,262,0.744,118,266,384,186,133.0,76,37,60,235,232,924,-78.0,7,8,13,10,7,8,7,15,8,8,10,8,8,11,7,8,8,7,10,7,11,11,10,8,8,15,2008-09,Playoffs,902.6688,102.36312587739822
1610612738,Boston Celtics,14,7,7,0.5,707.0,524,1177,0.445,94,261,0.36,288,364,0.791,152,453,605,321,191.0,109,69,91,340,318,1430,0.0,4,5,13,6,4,4,4,11,4,6,6,5,5,6,4,4,4,4,13,4,4,13,13,4,4,6,2008-09,Playoffs,1321.1136,108.2420164321978
1610612741,Chicago Bulls,7,3,4,0.429,371.0,269,610,0.441,51,135,0.378,169,209,0.809,73,246,319,139,113.0,47,57,47,172,165,758,-30.0,9,9,1,8,9,9,9,12,9,10,3,9,9,4,9,9,9,9,8,10,6,10,8,9,9,9,2008-09,Playoffs,712.2816,106.41858500907506
1610612742,Dallas Mavericks,10,5,5,0.5,480.0,356,757,0.47,73,206,0.354,231,284,0.813,92,315,407,181,130.0,65,38,41,228,237,1016,-9.0,8,7,10,6,8,7,8,2,7,7,9,6,7,3,8,7,7,8,9,8,10,8,9,7,7,7,2008-09,Playoffs,883.1616,115.04123367682652
1610612739,Cleveland Cavaliers,14,10,4,0.714,677.0,487,1052,0.463,93,277,0.336,299,403,0.742,141,423,564,268,173.0,93,64,46,288,317,1366,119.0,4,3,1,1,5,5,5,4,5,4,12,4,4,12,5,5,5,5,11,5,5,9,12,5,5,3,2008-09,Playoffs,1210.8672,112.81171048319752
1610612743,Denver Nuggets,16,10,6,0.625,768.0,596,1255,0.475,129,337,0.383,406,535,0.759,171,473,644,362,194.0,147,83,71,413,408,1727,138.0,3,3,11,3,3,3,3,1,3,3,2,3,3,9,3,3,3,3,14,3,3,12,14,3,3,2,2008-09,Playoffs,1452.864,118.86866217347254
1610612745,Houston Rockets,13,7,6,0.538,624.0,442,989,0.447,86,262,0.328,219,285,0.768,126,401,527,221,185.0,80,41,92,261,278,1189,-19.0,6,5,11,5,6,6,6,10,6,5,14,7,6,7,6,6,6,6,12,6,8,14,11,6,6,8,2008-09,Playoffs,1126.464,105.55153116300212
1610612747,Los Angeles Lakers,23,16,7,0.696,1114.0,861,1852,0.465,160,424,0.377,473,633,0.747,256,711,967,446,300.0,181,144,99,540,532,2355,166.0,2,1,13,2,2,1,1,3,2,2,4,1,2,10,1,2,1,2,15,1,1,16,16,2,1,1,2008-09,Playoffs,2087.5392,112.81225281901295
1610612753,Orlando Magic,24,13,11,0.542,1167.0,828,1810,0.457,201,559,0.36,470,651,0.722,200,721,921,453,316.0,162,116,92,513,582,2327,44.0,1,2,16,4,1,2,2,5,1,1,7,2,1,14,2,1,2,1,16,2,2,14,15,1,2,4,2008-09,Playoffs,2123.9424,109.5604099244876
1610612755,Philadelphia 76ers,6,2,4,0.333,288.0,204,450,0.453,35,95,0.368,88,124,0.71,48,173,221,107,88.0,37,18,30,138,121,531,-46.0,11,11,1,11,11,11,11,7,11,11,5,14,13,15,13,11,11,11,5,12,12,7,6,13,11,12,2008-09,Playoffs,522.7775999999999,101.57282944028208
1610612757,Portland Trail Blazers,6,2,4,0.333,288.0,200,447,0.447,33,85,0.388,90,118,0.763,59,159,218,88,68.0,36,45,20,130,120,523,-32.0,11,11,1,11,11,12,12,9,12,14,1,13,14,8,12,12,12,13,3,13,7,2,5,14,12,11,2008-09,Playoffs,487.6032,107.25934530372238
1610612759,San Antonio Spurs,5,1,4,0.2,240.0,175,383,0.457,29,88,0.33,73,103,0.709,44,144,188,80,55.0,28,15,23,110,93,452,-30.0,13,13,1,13,13,13,14,6,14,13,13,15,15,16,15,14,14,14,2,15,14,3,2,15,14,9,2008-09,Playoffs,421.7472,107.1732070776048
1610612762,Utah Jazz,5,1,4,0.2,240.0,175,405,0.432,25,73,0.342,112,151,0.742,66,147,213,127,73.0,49,17,28,119,122,487,-46.0,13,13,1,13,13,13,13,13,15,15,11,12,11,13,10,13,13,10,4,9,13,6,3,12,13,12,2008-09,Playoffs,459.3024,106.0303625672324
1610612740,New Orleans Hornets,5,1,4,0.2,240.0,139,351,0.396,30,92,0.326,113,140,0.807,46,139,185,79,92.0,33,13,26,124,124,421,-121.0,13,13,1,13,13,15,15,16,13,12,15,11,12,5,14,15,15,15,6,14,15,5,4,11,15,16,2008-09,Playoffs,440.256,95.62618113097834
1610612748,Miami Heat,7,3,4,0.429,336.0,219,487,0.45,50,140,0.357,129,158,0.816,62,209,271,105,94.0,43,40,25,155,149,617,6.0,9,9,1,8,10,10,10,8,10,9,8,10,10,2,11,10,10,12,7,11,9,4,7,10,10,5,2008-09,Playoffs,564.9792,109.20756020752624
1610612742,Dallas Mavericks,6,2,4,0.333,288.0,204,476,0.429,38,116,0.328,111,140,0.793,72,191,263,111,78.0,45,30,19,135,119,557,-3.0,10,10,1,10,10,11,10,13,11,10,12,13,12,4,10,10,10,12,5,10,10,1,4,13,13,6,2009-10,Playoffs,521.856,106.73442482217315
1610612747,Los Angeles Lakers,23,16,7,0.696,1104.0,859,1867,0.46,157,476,0.33,450,597,0.754,294,693,987,452,287.0,154,143,111,534,536,2325,88.0,2,1,14,2,2,1,1,7,1,1,11,2,2,9,1,2,1,2,15,2,1,15,15,2,1,2,2009-10,Playoffs,2037.7728,114.0951532967758
1610612737,Atlanta Hawks,11,4,7,0.364,528.0,372,876,0.425,50,150,0.333,190,242,0.785,143,296,439,180,129.0,70,56,44,233,227,984,-75.0,5,6,14,9,5,7,5,14,7,7,10,7,8,5,4,7,5,8,10,5,6,8,10,7,7,16,2009-10,Playoffs,929.7408,105.83594911614075
1610612738,Boston Celtics,24,15,9,0.625,1157.0,823,1816,0.453,139,383,0.363,468,620,0.755,212,727,939,507,334.0,192,110,130,590,545,2253,66.0,1,2,16,3,1,2,2,8,3,3,6,1,1,8,2,1,2,1,16,1,2,16,16,1,2,4,2009-10,Playoffs,2122.368,106.1550117604487
1610612766,Charlotte Bobcats,4,0,4,0.0,192.0,125,282,0.443,19,68,0.279,73,102,0.716,34,112,146,81,62.0,22,18,26,107,94,342,-37.0,16,16,1,16,16,16,16,9,15,15,16,15,15,14,16,16,16,16,2,16,15,4,1,15,16,12,2009-10,Playoffs,340.6848,100.38604598737602
1610612741,Chicago Bulls,5,1,4,0.2,240.0,189,431,0.439,16,54,0.296,91,114,0.798,54,151,205,95,50.0,29,15,41,107,105,485,-46.0,14,14,1,14,14,13,14,10,16,16,15,14,14,3,14,14,14,14,1,15,16,7,1,14,14,14,2009-10,Playoffs,458.0736,105.87818202140444
1610612739,Cleveland Cavaliers,11,6,5,0.545,528.0,384,819,0.469,79,227,0.348,255,344,0.741,95,342,437,232,164.0,67,73,46,241,270,1102,14.0,5,5,10,5,5,5,6,4,5,5,8,5,5,10,8,5,6,6,12,7,4,10,11,6,5,5,2009-10,Playoffs,997.7856,110.44456845238096
1610612743,Denver Nuggets,6,2,4,0.333,288.0,224,471,0.476,39,109,0.358,169,221,0.765,62,176,238,115,82.0,49,28,26,185,167,656,-7.0,10,10,1,10,10,10,11,3,10,12,7,9,9,7,13,12,12,10,6,9,11,4,8,9,9,7,2009-10,Playoffs,564.7103999999999,116.16573734076796
1610612762,Utah Jazz,10,4,6,0.4,480.0,381,795,0.479,65,174,0.374,244,335,0.728,109,287,396,238,132.0,59,44,58,270,272,1071,-22.0,7,6,11,7,7,6,7,1,6,6,4,6,6,13,6,8,8,4,11,8,7,13,12,5,6,9,2009-10,Playoffs,926.784,115.56090739589806
1610612748,Miami Heat,5,1,4,0.2,240.0,168,386,0.435,34,91,0.374,68,93,0.731,47,141,188,88,89.0,35,25,22,114,94,438,-41.0,14,14,1,14,14,15,15,11,13,14,3,16,16,12,15,15,15,15,8,14,13,2,3,15,15,13,2009-10,Playoffs,450.1632,97.29804657510876
1610612749,Milwaukee Bucks,7,3,4,0.429,336.0,236,557,0.424,46,149,0.309,112,139,0.806,78,196,274,114,87.0,44,23,48,147,134,630,-26.0,9,9,1,6,9,9,9,15,9,8,13,12,13,2,9,9,9,11,7,11,14,11,7,12,10,10,2009-10,Playoffs,602.0735999999999,104.63836979399196
1610612760,Oklahoma City Thunder,6,2,4,0.333,288.0,184,471,0.391,33,111,0.297,162,194,0.835,70,190,260,97,75.0,39,37,37,137,149,563,-10.0,10,10,1,10,10,14,11,16,14,11,14,10,10,1,11,11,11,13,4,12,9,6,5,10,11,8,2009-10,Playoffs,538.9056,104.4709871265023
1610612753,Orlando Magic,14,10,4,0.714,677.0,459,991,0.463,138,377,0.366,296,422,0.701,130,435,565,236,192.0,90,77,53,313,365,1352,121.0,4,3,1,1,4,4,4,6,4,4,5,4,4,15,5,4,4,5,13,4,3,12,13,4,4,1,2009-10,Playoffs,1189.1328,113.69630036275171
1610612756,Phoenix Suns,16,10,6,0.625,768.0,608,1274,0.477,150,391,0.384,348,450,0.773,171,471,642,333,201.0,94,66,83,358,372,1714,74.0,3,3,11,3,3,3,3,2,2,2,1,3,3,6,3,3,3,3,14,3,5,14,14,3,3,3,2009-10,Playoffs,1441.9199999999998,118.86928539724812
1610612757,Portland Trail Blazers,6,2,4,0.333,288.0,198,461,0.43,38,100,0.38,124,168,0.738,65,159,224,117,66.0,36,26,25,139,145,558,-62.0,10,10,1,10,10,12,13,12,11,13,2,11,11,11,12,13,13,9,3,13,12,3,6,11,12,15,2009-10,Playoffs,514.4831999999999,108.45835199283478
1610612759,San Antonio Spurs,10,4,6,0.4,480.0,364,785,0.464,48,142,0.338,185,266,0.695,101,310,411,192,127.0,68,43,45,210,226,961,-34.0,7,6,11,7,7,8,8,5,8,9,9,8,7,16,7,6,7,7,9,6,8,9,9,8,8,11,2009-10,Playoffs,890.9183999999999,107.8662198468457
1610612763,Memphis Grizzlies,13,7,6,0.538,649.0,477,1092,0.437,50,157,0.318,278,366,0.76,162,398,560,245,170.0,104,78,88,307,308,1282,-9.0,5,5,11,5,5,5,5,8,7,7,11,5,5,10,5,5,5,5,12,5,5,12,12,5,5,7,2010-11,Playoffs,1210.5984,105.89804182790924
1610612737,Atlanta Hawks,12,6,6,0.5,576.0,395,910,0.434,54,167,0.323,191,263,0.726,108,338,446,217,149.0,75,60,64,244,240,1035,-53.0,6,6,11,7,6,6,6,10,6,5,9,6,6,14,7,6,6,6,11,6,6,11,11,6,6,16,2010-11,Playoffs,1024.0512,101.06916529173542
1610612738,Boston Celtics,9,5,4,0.556,437.0,322,692,0.465,67,144,0.465,141,181,0.779,80,271,351,189,141.0,66,38,58,197,177,852,12.0,8,7,1,4,8,8,8,1,5,8,1,8,8,5,8,8,8,7,10,8,8,10,9,8,8,5,2010-11,Playoffs,799.3344,106.58868178324366
1610612741,Chicago Bulls,16,9,7,0.563,773.0,544,1289,0.422,101,307,0.329,291,371,0.784,214,483,697,322,218.0,117,106,103,340,314,1480,68.0,4,3,14,3,4,4,4,12,4,4,8,4,4,3,2,4,4,3,13,3,3,15,13,4,4,2,2010-11,Playoffs,1397.9904,105.86624915307002
1610612742,Dallas Mavericks,21,16,5,0.762,1013.0,724,1572,0.461,184,467,0.394,431,533,0.809,203,603,806,423,271.0,149,86,107,422,453,2063,121.0,1,1,10,1,2,1,1,2,1,1,2,3,2,2,4,2,2,1,15,2,4,16,15,1,1,1,2010-11,Playoffs,1799.5392,114.6404590686327
1610612743,Denver Nuggets,5,1,4,0.2,240.0,163,385,0.423,34,92,0.37,127,180,0.706,37,153,190,88,61.0,33,18,43,119,125,487,-24.0,13,13,1,13,13,15,15,11,10,13,5,10,9,16,16,13,15,13,2,14,14,9,4,12,13,10,2010-11,Playoffs,468.672,103.9106240611771
1610612754,Indiana Pacers,5,1,4,0.2,240.0,164,401,0.409,29,77,0.377,94,122,0.77,65,127,192,80,76.0,41,28,38,115,111,451,-37.0,13,13,1,13,13,14,14,14,15,16,4,14,14,8,10,15,14,15,5,11,11,8,3,14,14,13,2010-11,Playoffs,447.05279999999993,100.88293821222014
1610612747,Los Angeles Lakers,10,4,6,0.4,480.0,347,778,0.446,48,166,0.289,190,245,0.776,126,283,409,189,125.0,69,51,37,206,216,932,-13.0,7,8,11,8,7,7,7,5,8,6,15,7,7,7,6,7,7,7,9,7,7,7,10,7,7,8,2010-11,Playoffs,849.4079999999999,109.72347799879446
1610612748,Miami Heat,21,14,7,0.667,1018.0,685,1539,0.445,124,375,0.331,454,584,0.777,213,649,862,346,291.0,153,127,88,404,451,1948,56.0,1,2,14,2,1,2,2,6,2,2,7,1,1,6,3,1,1,2,16,1,2,12,14,2,2,3,2010-11,Playoffs,1799.0016,108.28228279507924
1610612740,New Orleans Hornets,6,2,4,0.333,288.0,197,431,0.457,27,84,0.321,115,155,0.742,46,155,201,121,77.0,43,18,35,142,127,536,-43.0,9,9,1,9,10,11,12,3,16,14,10,12,12,12,15,12,13,9,6,10,14,6,8,11,10,15,2010-11,Playoffs,508.992,105.30617377090404
1610612752,New York Knicks,4,0,4,0.0,192.0,128,332,0.386,33,95,0.347,74,99,0.747,58,104,162,67,61.0,26,27,20,75,84,363,-34.0,16,16,1,16,16,16,16,16,11,12,6,15,15,11,12,16,16,16,2,16,12,1,1,15,16,12,2010-11,Playoffs,363.4176,99.8850908706678
1610612753,Orlando Magic,6,2,4,0.333,288.0,186,455,0.409,37,141,0.262,123,167,0.737,71,183,254,87,77.0,39,24,23,129,145,532,11.0,9,9,1,9,10,12,10,15,9,9,16,11,11,13,9,10,9,14,6,12,13,3,6,10,11,6,2010-11,Playoffs,513.1008,103.6833308386968
1610612755,Philadelphia 76ers,5,1,4,0.2,240.0,169,408,0.414,32,82,0.39,63,87,0.724,53,150,203,102,53.0,32,18,31,102,74,433,-37.0,13,13,1,13,13,13,13,13,12,15,3,16,16,15,14,14,12,11,1,15,14,5,2,16,15,13,2010-11,Playoffs,428.4288,101.06696842042366
1610612757,Portland Trail Blazers,6,2,4,0.333,288.0,199,439,0.453,30,100,0.3,101,129,0.783,55,171,226,102,69.0,34,31,22,125,117,529,-31.0,9,9,1,9,10,10,11,4,14,11,13,13,13,4,13,11,11,11,4,13,10,2,5,13,12,11,2010-11,Playoffs,489.3696,108.09825538815652
1610612759,San Antonio Spurs,6,2,4,0.333,293.0,202,463,0.436,32,109,0.294,130,171,0.76,61,189,250,107,86.0,44,35,29,129,147,566,-19.0,9,9,1,9,9,9,9,9,12,10,14,9,10,9,11,9,10,10,8,9,9,4,6,9,9,9,2010-11,Playoffs,540.7103999999999,104.67710626612694
1610612760,Oklahoma City Thunder,17,9,8,0.529,841.0,600,1355,0.443,107,339,0.316,435,533,0.816,222,559,781,300,262.0,116,129,88,425,392,1742,32.0,3,3,16,6,3,3,3,7,3,3,12,2,2,1,1,3,3,4,14,4,1,12,16,3,3,4,2010-11,Playoffs,1564.3392,111.3569231020996
1610612755,Philadelphia 76ers,13,7,6,0.5384615384615384,3120.0,417,1015,0.4108374384236453,52,171,0.3040935672514619,228,317,0.7192429022082019,140,403,543,236,150.0,99,69,0,243,0,1114,-16.0,5,5,11,6,5,6,5,12,8,8,11,5,5,11,5,5,5,5,9,5,6,1,11,1,6,9,2011-12,Playoffs,1117.9008,99.65106027296878
1610612763,Memphis Grizzlies,7,3,4,0.4285714285714285,1705.0,228,534,0.4269662921348314,24,83,0.2891566265060241,160,215,0.7441860465116279,94,205,299,114,108.0,50,34,0,163,0,640,5.0,9,9,1,7,9,10,10,7,15,14,12,9,9,8,10,11,10,11,8,9,11,1,8,1,10,6,2011-12,Playoffs,616.896,103.74520178441747
1610612762,Utah Jazz,4,0,4,0.0,960.0,131,343,0.3819241982507289,9,45,0.2,74,105,0.7047619047619048,64,130,194,67,54.0,26,27,0,81,0,345,-64.0,15,15,1,15,15,15,15,16,16,16,16,14,14,14,12,15,14,14,1,16,12,1,1,1,16,15,2011-12,Playoffs,364.032,94.77188818565402
1610612748,Miami Heat,23,16,7,0.6956521739130435,5570.0,804,1749,0.4596912521440823,157,452,0.3473451327433628,474,637,0.7441130298273155,234,696,930,402,299.0,168,114,0,473,0,2239,163.0,1,1,12,2,1,1,1,3,1,1,5,1,1,9,1,1,1,1,16,2,2,1,16,1,1,1,2011-12,Playoffs,2010.5088,111.36484456074004
1610612737,Atlanta Hawks,6,2,4,0.3333333333333333,1465.0,191,476,0.4012605042016807,35,113,0.3097345132743362,76,97,0.7835051546391752,60,195,255,105,92.0,33,20,0,119,0,493,-28.0,11,11,1,11,11,12,12,14,11,11,9,13,15,4,14,12,12,12,6,11,14,1,4,1,12,11,2011-12,Playoffs,528.6528,93.25591390038984
1610612760,Oklahoma City Thunder,20,13,7,0.65,4800.0,744,1599,0.4652908067542214,136,383,0.3550913838120104,401,489,0.820040899795501,186,609,795,360,231.0,173,137,0,448,0,2025,80.0,2,2,12,3,3,2,2,2,2,2,4,2,2,2,2,3,3,3,14,1,1,1,15,1,2,3,2011-12,Playoffs,1784.7936,113.45849738591622
1610612759,San Antonio Spurs,14,10,4,0.7142857142857143,3360.0,531,1104,0.4809782608695652,132,317,0.416403785488959,234,320,0.73125,121,448,569,320,200.0,91,65,0,285,0,1428,83.0,4,4,1,1,4,4,4,1,3,4,1,4,4,10,7,4,4,4,13,6,7,1,13,1,4,2,2011-12,Playoffs,1270.848,112.36591630155613
1610612753,Orlando Magic,5,1,4,0.2,1225.0,155,389,0.3984575835475578,42,123,0.3414634146341463,67,95,0.7052631578947368,49,143,192,86,70.0,30,22,0,95,0,419,-54.0,13,13,1,13,13,13,13,15,9,10,7,16,16,13,15,13,15,13,3,14,13,1,3,1,13,14,2011-12,Playoffs,433.728,96.60432344695292
1610612738,Boston Celtics,20,11,9,0.55,4875.0,676,1543,0.4381075826312378,93,326,0.2852760736196319,345,432,0.7986111111111112,159,638,797,396,260.0,164,98,0,433,0,1790,20.0,2,3,16,4,2,3,3,5,4,3,13,3,3,3,4,2,2,2,15,3,3,1,14,1,3,4,2011-12,Playoffs,1760.7168,101.66314082991654
1610612754,Indiana Pacers,11,6,5,0.5454545454545454,2665.0,371,874,0.4244851258581236,63,197,0.3197969543147208,195,253,0.7707509881422925,136,348,484,179,166.0,76,60,0,242,0,1000,15.0,7,6,10,5,7,8,7,8,6,6,8,7,8,6,6,7,7,8,12,7,8,1,10,1,7,5,2011-12,Playoffs,974.7072,102.59491260554964
1610612747,Los Angeles Lakers,12,5,7,0.4166666666666667,2880.0,422,998,0.4228456913827655,63,207,0.3043478260869565,221,284,0.778169014084507,170,368,538,226,150.0,69,93,0,236,0,1128,-50.0,6,7,12,9,6,5,6,9,6,5,10,6,6,5,3,6,6,6,9,8,4,1,9,1,5,12,2011-12,Playoffs,1058.8416,106.531515195474
1610612746,Los Angeles Clippers,11,4,7,0.3636363636363636,2665.0,379,828,0.4577294685990338,68,180,0.3777777777777777,174,261,0.6666666666666666,96,309,405,190,162.0,104,72,0,265,0,1000,-51.0,7,8,12,10,7,7,8,4,5,7,2,8,7,15,9,8,8,7,11,4,5,1,12,1,7,13,2011-12,Playoffs,968.4864,103.25390217147088
1610612743,Denver Nuggets,7,3,4,0.4285714285714285,1680.0,269,625,0.4304,37,133,0.2781954887218045,102,142,0.7183098591549296,108,226,334,146,78.0,49,48,0,147,0,677,3.0,9,9,1,7,10,9,9,6,10,9,14,10,10,12,8,9,9,9,4,10,9,1,7,1,9,7,2011-12,Playoffs,631.1808,107.25928291861857
1610612742,Dallas Mavericks,4,0,4,0.0,960.0,126,312,0.4038461538461538,32,86,0.3720930232558139,89,107,0.8317757009345794,42,120,162,62,58.0,32,14,0,83,0,373,-26.0,15,15,1,15,15,16,16,13,12,13,3,11,13,1,16,16,16,16,2,12,15,1,2,1,15,10,2011-12,Playoffs,360.0768,103.58901212185845
1610612741,Chicago Bulls,6,2,4,0.3333333333333333,1440.0,204,484,0.4214876033057851,26,76,0.3421052631578947,72,111,0.6486486486486487,69,212,281,135,86.0,31,40,0,123,0,506,-10.0,11,11,1,11,12,11,11,10,13,15,6,15,11,16,11,10,11,10,5,13,10,1,6,1,11,8,2011-12,Playoffs,527.8464,95.86122023376495
1610612752,New York Knicks,5,1,4,0.2,1200.0,153,367,0.4168937329700272,25,91,0.2747252747252747,83,109,0.7614678899082569,62,140,202,63,92.0,30,11,0,121,0,414,-70.0,13,13,1,13,14,14,14,11,14,12,15,12,12,7,13,14,13,15,6,14,16,1,5,1,14,16,2011-12,Playoffs,427.1616,96.9188241639698
1610612743,Denver Nuggets,6,2,4,0.333,288.0,223,509,0.438,42,135,0.311,130,178,0.73,71,161,232,127,87.0,54,17,40,139,141,618,-25.0,10,10,1,10,11,10,10,7,11,11,13,10,9,11,10,14,12,10,6,9,15,6,4,13,10,9,2012-13,Playoffs,579.1872000000001,106.70125306636608
1610612744,Golden State Warriors,12,6,6,0.5,591.0,468,1013,0.462,104,268,0.388,192,261,0.736,138,415,553,260,198.0,77,59,42,285,263,1232,2.0,5,5,9,5,5,5,5,4,4,6,1,7,7,10,6,5,5,5,13,6,6,8,11,5,5,8,2012-13,Playoffs,1140.3264,108.03924209770116
1610612745,Houston Rockets,6,2,4,0.333,288.0,206,486,0.424,70,202,0.347,118,166,0.711,65,196,261,108,95.0,35,33,44,139,148,600,-35.0,10,10,1,10,11,12,11,12,8,9,5,11,11,13,11,11,10,12,7,13,11,9,4,10,11,13,2012-13,Playoffs,565.4784,106.10484856716012
1610612737,Atlanta Hawks,6,2,4,0.333,288.0,196,464,0.422,37,112,0.33,107,157,0.682,50,180,230,115,73.0,44,23,29,145,143,536,-31.0,10,10,1,10,11,13,12,13,13,14,8,14,12,14,13,12,13,11,3,10,12,5,7,11,13,10,2012-13,Playoffs,533.8368,100.40521747470387
1610612738,Boston Celtics,6,2,4,0.333,293.0,171,414,0.413,41,124,0.331,111,129,0.86,31,203,234,101,104.0,33,18,26,113,128,494,-32.0,10,10,1,10,10,14,14,15,12,12,7,12,14,1,16,10,11,14,8,14,14,4,3,14,14,11,2012-13,Playoffs,522.0096,94.6342749252121
1610612751,Brooklyn Nets,7,3,4,0.429,351.0,259,586,0.442,43,136,0.316,135,178,0.758,82,213,295,139,81.0,44,39,40,139,152,696,14.0,9,9,1,8,9,9,9,6,10,10,12,9,9,7,9,9,9,9,5,10,9,6,4,9,9,5,2012-13,Playoffs,636.7872,109.2986793704396
1610612741,Chicago Bulls,12,5,7,0.417,591.0,420,959,0.438,65,204,0.319,198,275,0.72,141,348,489,234,171.0,77,55,70,269,254,1103,-80.0,5,7,13,9,5,6,7,8,9,8,11,6,5,12,5,7,6,6,12,6,7,12,9,6,6,16,2012-13,Playoffs,1065.6,103.50975975975976
1610612759,San Antonio Spurs,21,15,6,0.714,1038.0,799,1726,0.463,165,437,0.378,344,451,0.763,204,690,894,459,270.0,165,106,99,401,444,2107,147.0,2,2,9,1,2,2,2,3,2,2,3,3,3,6,3,1,1,2,14,2,2,16,14,3,2,2,2012-13,Playoffs,1910.8224,110.26665795837437
1610612746,Los Angeles Clippers,6,2,4,0.333,288.0,211,452,0.467,35,115,0.304,111,142,0.782,53,170,223,108,80.0,31,34,25,167,143,568,-33.0,10,10,1,10,11,11,13,2,14,13,14,12,13,4,12,13,14,12,4,15,10,3,8,11,12,12,2012-13,Playoffs,519.8208,109.2684248110118
1610612747,Los Angeles Lakers,4,0,4,0.0,192.0,138,312,0.442,20,74,0.27,45,74,0.608,34,126,160,74,66.0,23,21,20,70,72,341,-75.0,15,15,1,15,15,15,15,5,16,16,15,16,16,16,15,15,15,16,2,16,13,2,1,16,15,15,2012-13,Playoffs,361.4976,94.3298102117414
1610612763,Memphis Grizzlies,15,8,7,0.533,735.0,511,1223,0.418,72,222,0.324,326,436,0.748,176,450,626,290,161.0,109,69,98,332,380,1420,9.0,4,4,13,4,4,4,4,14,7,7,10,4,4,8,4,4,4,4,11,3,5,15,13,4,4,6,2012-13,Playoffs,1343.8464,105.66683811483216
1610612748,Miami Heat,23,16,7,0.696,1114.0,824,1762,0.468,177,465,0.381,409,534,0.766,223,653,876,473,301.0,191,125,79,510,483,2234,148.0,1,1,13,2,1,1,1,1,1,1,2,1,2,5,2,2,2,1,15,1,1,13,16,1,1,1,2012-13,Playoffs,1991.9616,112.15075631980056
1610612749,Milwaukee Bucks,4,0,4,0.0,192.0,133,307,0.433,24,92,0.261,51,81,0.63,35,104,139,79,65.0,40,10,17,79,81,341,-59.0,15,15,1,15,15,16,16,9,15,15,16,15,15,15,14,16,16,15,1,12,16,1,2,15,15,14,2012-13,Playoffs,357.7344,95.32211607270644
1610612752,New York Knicks,12,6,6,0.5,581.0,399,972,0.41,96,280,0.343,169,216,0.782,128,346,474,181,139.0,106,51,50,285,227,1063,32.0,5,5,9,5,7,7,6,16,5,4,6,8,8,3,7,8,7,8,9,4,8,10,11,8,8,3,2012-13,Playoffs,1034.9184,102.71341199460753
1610612754,Indiana Pacers,19,11,8,0.579,917.0,612,1413,0.433,119,364,0.327,401,542,0.74,242,625,867,332,312.0,103,85,89,426,471,1744,3.0,3,3,16,3,3,3,3,10,3,3,9,2,1,9,1,3,3,3,16,5,3,14,15,2,3,7,2012-13,Playoffs,1652.6208,105.52935071372696
1610612760,Oklahoma City Thunder,11,5,6,0.455,533.0,383,898,0.427,95,272,0.349,222,265,0.838,108,364,472,199,150.0,66,77,54,274,243,1083,15.0,8,7,9,7,8,8,8,11,6,5,4,5,6,2,8,6,8,7,10,8,4,11,10,7,7,4,2012-13,Playoffs,1014.336,106.76935453340906
1610612746,Los Angeles Clippers,13,6,7,0.462,624.0,512,1110,0.461,119,335,0.355,271,371,0.73,148,369,517,310,164.0,122,57,62,316,313,1414,26.0,5,5,11,6,5,5,5,4,5,5,7,5,5,11,4,5,5,5,12,4,7,14,12,5,5,3,2013-14,Playoffs,1237.6704,114.24689481141344
1610612754,Indiana Pacers,19,10,9,0.526,912.0,639,1416,0.451,139,366,0.38,323,444,0.727,156,594,750,357,258.0,134,80,82,394,410,1740,-19.0,3,3,15,4,4,4,4,7,4,4,3,4,3,14,3,3,3,4,14,3,2,15,13,3,4,10,2013-14,Playoffs,1644.8256,105.78629126394918
1610612751,Brooklyn Nets,12,5,7,0.417,576.0,417,901,0.463,93,272,0.342,219,297,0.737,120,334,454,220,147.0,83,34,48,268,271,1146,-16.0,6,7,11,13,6,7,7,3,6,6,10,6,6,10,7,8,8,6,10,6,8,9,11,6,7,9,2013-14,Playoffs,1016.3328,112.75834057505574
1610612766,Charlotte Bobcats,4,0,4,0.0,192.0,135,301,0.449,31,85,0.365,67,94,0.713,33,126,159,79,60.0,17,18,18,81,79,368,-39.0,16,16,1,16,16,16,16,9,15,16,5,16,16,15,16,16,16,16,1,16,15,1,1,16,16,15,2013-14,Playoffs,354.5856,103.78312035232112
1610612741,Chicago Bulls,5,1,4,0.2,245.0,166,393,0.422,32,96,0.333,86,114,0.754,61,148,209,101,66.0,25,22,33,110,111,450,-23.0,15,15,1,15,15,15,15,14,14,15,12,15,15,8,15,15,15,15,2,15,13,4,2,15,15,12,2013-14,Playoffs,430.2336,104.59434130667616
1610612742,Dallas Mavericks,7,3,4,0.429,336.0,274,607,0.451,59,157,0.376,101,132,0.765,82,203,285,134,80.0,46,29,25,142,137,708,-14.0,9,9,1,8,10,9,10,6,11,11,4,14,14,7,12,13,13,11,4,11,12,2,3,14,10,8,2013-14,Playoffs,636.5568000000001,111.22338179405196
1610612744,Golden State Warriors,7,3,4,0.429,336.0,268,582,0.46,67,184,0.364,142,195,0.728,92,207,299,171,121.0,49,32,36,177,161,745,-31.0,9,9,1,8,10,10,11,5,9,10,6,11,10,13,10,12,9,9,8,10,9,5,7,10,9,13,2013-14,Playoffs,668.9279999999999,111.37222541140454
1610612745,Houston Rockets,6,2,4,0.333,303.0,245,550,0.445,49,154,0.318,133,179,0.743,100,195,295,110,83.0,36,30,55,156,149,672,2.0,14,14,1,14,14,12,13,10,12,12,14,12,12,9,9,14,11,14,5,14,11,11,6,13,13,5,2013-14,Playoffs,587.2896,114.42395710736236
1610612763,Memphis Grizzlies,7,3,4,0.429,356.0,257,617,0.417,31,107,0.29,132,181,0.729,90,209,299,152,78.0,63,17,53,146,161,677,-38.0,9,9,1,8,9,11,9,15,15,14,16,13,11,12,11,11,9,10,3,9,16,10,4,10,11,14,2013-14,Playoffs,657.2543999999999,103.00425527771286
1610612760,Oklahoma City Thunder,19,10,9,0.526,937.0,695,1546,0.45,143,443,0.323,414,505,0.82,212,647,859,366,287.0,120,118,59,437,421,1947,-20.0,3,3,15,4,3,3,2,8,3,3,13,2,2,3,2,2,2,2,15,5,1,13,15,2,2,11,2013-14,Playoffs,1769.4719999999998,110.03282335069446
1610612757,Portland Trail Blazers,11,5,6,0.455,543.0,422,965,0.437,87,251,0.347,216,271,0.797,129,357,486,193,152.0,65,66,47,248,256,1147,-69.0,7,7,10,7,7,6,6,12,7,7,8,7,7,4,5,7,7,8,11,8,5,7,10,7,6,16,2013-14,Playoffs,1062.9504,107.90719868020182
1610612759,San Antonio Spurs,23,16,7,0.696,1109.0,914,1861,0.491,203,496,0.409,415,541,0.767,217,750,967,511,289.0,187,80,86,456,496,2446,214.0,1,1,11,1,1,1,1,1,1,1,1,1,1,6,1,1,1,1,16,1,2,16,16,1,1,1,2013-14,Playoffs,2084.1984,117.35926867614909
1610612761,Toronto Raptors,7,3,4,0.429,336.0,229,519,0.441,46,147,0.313,169,203,0.833,71,221,292,124,107.0,39,21,25,181,169,673,-11.0,9,9,1,8,10,13,14,11,13,13,15,9,9,1,13,9,12,12,7,13,14,2,8,9,12,7,2013-14,Playoffs,618.5472,108.8033378859366
1610612764,Washington Wizards,11,6,5,0.545,533.0,379,877,0.432,62,185,0.335,174,250,0.696,129,365,494,215,141.0,82,62,47,245,233,994,10.0,7,5,9,3,8,8,8,13,10,9,11,8,8,16,5,6,6,7,9,7,6,7,9,8,8,4,2013-14,Playoffs,959.04,103.64531197864532
1610612748,Miami Heat,20,13,7,0.65,960.0,708,1443,0.491,186,470,0.396,343,440,0.78,119,561,680,365,243.0,147,77,55,414,392,1945,35.0,2,2,11,2,2,2,3,2,2,2,2,3,4,5,8,4,4,3,13,2,4,11,14,4,3,2,2013-14,Playoffs,1690.176,115.07677306978682
1610612737,Atlanta Hawks,7,3,4,0.429,336.0,212,551,0.385,79,230,0.343,144,174,0.828,64,211,275,118,95.0,46,32,44,146,158,647,-7.0,9,9,1,8,10,14,12,16,8,8,9,10,13,2,14,10,14,13,6,11,9,6,4,12,14,6,2013-14,Playoffs,632.2176,102.33818229672822
1610612763,Memphis Grizzlies,11,6,5,0.545,528.0,393,925,0.425,48,154,0.312,208,250,0.832,116,362,478,224,121.0,95,45,62,213,224,1042,-14.0,7,6,10,4,7,7,7,10,10,9,12,6,7,1,7,7,7,8,9,6,8,10,10,7,7,8,2014-15,Playoffs,998.4,104.36698717948718
1610612764,Washington Wizards,10,6,4,0.6,485.0,373,845,0.441,94,233,0.403,171,237,0.722,116,356,472,231,145.0,71,53,48,200,219,1011,39.0,8,6,1,3,8,8,8,7,7,7,1,8,8,10,7,8,8,7,10,8,7,9,9,8,8,4,2014-15,Playoffs,939.1488,107.65067260906898
1610612739,Cleveland Cavaliers,20,14,6,0.7,975.0,694,1654,0.42,195,574,0.34,397,538,0.738,245,697,942,360,259.0,126,127,94,418,450,1980,80.0,2,2,12,2,2,2,2,12,2,2,8,2,2,9,1,2,2,4,14,4,1,15,15,2,2,2,2014-15,Playoffs,1828.5312,108.2836322399093
1610612742,Dallas Mavericks,5,1,4,0.2,240.0,208,460,0.452,38,122,0.311,96,126,0.762,68,169,237,106,71.0,35,23,26,136,123,550,-21.0,12,12,1,12,12,11,12,3,12,12,13,10,10,7,11,13,12,12,5,12,12,2,7,10,11,9,2014-15,Playoffs,497.7024,110.5078054676851
1610612744,Golden State Warriors,21,16,5,0.762,1023.0,802,1769,0.453,240,641,0.374,325,465,0.699,243,715,958,515,307.0,168,121,98,471,439,2169,164.0,1,1,10,1,1,1,1,2,1,1,2,3,3,13,2,1,1,1,16,1,2,16,16,3,1,1,2014-15,Playoffs,1956.096,110.88412838633688
1610612745,Houston Rockets,17,9,8,0.529,816.0,635,1417,0.448,161,468,0.344,408,624,0.654,185,592,777,372,263.0,142,93,92,398,463,1839,-42.0,3,3,15,5,3,3,3,6,3,3,7,1,1,16,3,3,3,3,15,2,3,14,14,1,3,14,2014-15,Playoffs,1698.7776,108.25431180632476
1610612746,Los Angeles Clippers,14,7,7,0.5,677.0,553,1187,0.466,117,356,0.329,286,429,0.667,135,490,625,315,184.0,120,82,69,347,351,1509,19.0,5,5,14,6,5,5,5,1,5,5,9,4,4,15,6,5,5,5,12,5,4,12,13,4,5,5,2014-15,Playoffs,1367.7696,110.32559869732448
1610612749,Milwaukee Bucks,6,2,4,0.333,298.0,205,529,0.388,33,109,0.303,88,125,0.704,73,189,262,122,79.0,65,40,42,127,113,531,-74.0,10,10,1,10,10,12,10,16,13,13,14,13,11,12,10,11,11,11,6,9,9,7,6,11,12,16,2014-15,Playoffs,566.4,93.75
1610612757,Portland Trail Blazers,5,1,4,0.2,240.0,167,418,0.4,46,131,0.351,89,108,0.824,50,171,221,83,58.0,17,26,31,103,100,469,-34.0,12,12,1,12,12,13,13,15,11,11,6,12,13,2,13,12,13,14,4,16,11,5,3,13,13,12,2014-15,Playoffs,454.5792,103.17234048544238
1610612759,San Antonio Spurs,7,3,4,0.429,341.0,268,597,0.449,67,183,0.366,121,178,0.68,82,243,325,169,85.0,43,33,43,174,146,724,3.0,9,9,1,9,9,9,9,5,8,8,4,9,9,14,9,9,9,9,7,11,10,8,8,9,9,6,2014-15,Playoffs,651.1872000000001,111.18154656602586
1610612761,Toronto Raptors,4,0,4,0.0,197.0,147,353,0.416,30,100,0.3,61,85,0.718,35,119,154,78,48.0,30,9,26,100,82,385,-56.0,14,14,1,14,14,15,14,14,14,14,15,16,16,11,16,16,16,16,1,13,16,2,2,15,15,15,2014-15,Playoffs,387.264,99.41538588663032
1610612741,Chicago Bulls,12,6,6,0.5,586.0,421,1005,0.419,110,295,0.373,200,258,0.775,140,405,545,266,168.0,86,79,85,226,244,1152,41.0,6,6,12,6,6,6,6,13,6,6,3,7,6,5,5,6,6,6,11,7,5,13,11,6,6,3,2014-15,Playoffs,1100.6592,104.6645501168754
1610612737,Atlanta Hawks,16,8,8,0.5,778.0,590,1369,0.431,145,458,0.317,243,311,0.781,157,542,699,381,203.0,136,79,68,315,307,1568,-3.0,4,4,15,6,4,4,4,9,4,4,11,5,5,4,4,4,4,2,13,3,5,11,12,5,4,7,2014-15,Playoffs,1489.7664,105.25140048802282
1610612738,Boston Celtics,4,0,4,0.0,192.0,139,331,0.42,22,86,0.256,79,102,0.775,40,123,163,80,54.0,21,15,31,107,93,379,-37.0,14,14,1,14,16,16,16,11,16,15,16,14,14,6,15,15,15,15,2,15,15,5,4,14,16,13,2014-15,Playoffs,374.2848,101.25978933689
1610612751,Brooklyn Nets,6,2,4,0.333,293.0,217,499,0.435,51,144,0.354,93,125,0.744,57,210,267,130,86.0,45,20,28,114,111,578,-33.0,10,10,1,10,11,10,11,8,9,10,5,11,11,8,12,10,10,10,8,10,14,4,5,12,10,11,2014-15,Playoffs,559.68,103.273299028016
1610612740,New Orleans Pelicans,4,0,4,0.0,197.0,152,337,0.451,27,85,0.318,72,89,0.809,43,125,168,93,54.0,30,23,25,95,79,403,-32.0,14,14,1,14,14,14,15,4,15,16,10,15,15,3,14,14,14,13,2,13,12,1,1,16,14,10,2014-15,Playoffs,371.6736,108.42847057202876
1610612746,LA Clippers,6,2,4,0.333,288.0,223,510,0.437,34,117,0.291,110,176,0.625,68,209,277,109,58.0,51,28,21,123,143,590,6.0,11,11,1,11,12,10,12,8,14,13,13,11,9,16,10,11,9,11,2,10,11,2,5,11,11,7,2015-16,Playoffs,554.3424,106.43241433453404
1610612754,Indiana Pacers,7,3,4,0.429,336.0,231,524,0.441,57,149,0.383,137,167,0.82,64,211,275,127,101.0,53,39,32,156,152,656,10.0,9,9,1,8,9,9,11,7,9,10,4,10,11,2,11,10,11,9,8,9,9,5,8,9,9,6,2015-16,Playoffs,609.1008,107.69974362207373
1610612737,Atlanta Hawks,10,4,6,0.4,485.0,366,848,0.432,106,318,0.333,163,205,0.795,89,354,443,226,144.0,75,76,55,202,209,1001,-10.0,7,8,11,10,7,8,7,10,6,6,8,8,7,4,7,7,7,7,10,7,5,11,10,7,8,8,2015-16,Playoffs,953.472,104.9847294938918
1610612738,Boston Celtics,6,2,4,0.333,293.0,206,537,0.384,52,189,0.275,99,126,0.786,64,212,276,126,88.0,38,39,52,132,120,563,-40.0,11,11,1,11,11,12,10,16,10,9,15,12,13,6,11,9,10,10,6,13,9,10,7,12,12,11,2015-16,Playoffs,591.7824,95.13632037721972
1610612742,Dallas Mavericks,5,1,4,0.2,240.0,177,406,0.436,31,107,0.29,84,121,0.694,46,129,175,103,59.0,30,12,23,120,112,469,-91.0,13,13,1,13,13,13,14,9,15,14,14,14,14,13,15,14,14,12,3,15,16,3,3,13,13,15,2015-16,Playoffs,453.3504,103.4519876898752
1610612765,Detroit Pistons,4,0,4,0.0,192.0,144,301,0.478,35,93,0.376,57,88,0.648,28,123,151,87,42.0,21,13,10,76,81,380,-34.0,15,15,1,15,15,15,16,1,13,15,6,15,15,14,16,15,16,15,1,16,15,1,1,15,15,10,2015-16,Playoffs,339.57120000000003,111.9058388932866
1610612744,Golden State Warriors,24,15,9,0.625,1157.0,934,2055,0.455,306,778,0.393,411,559,0.735,252,785,1037,583,336.0,191,131,124,527,531,2585,105.0,1,2,15,2,1,1,1,5,1,1,3,1,1,10,1,1,1,1,16,1,1,16,16,1,1,2,2015-16,Playoffs,2289.5616,112.90371047452928
1610612745,Houston Rockets,5,1,4,0.2,240.0,165,428,0.386,38,142,0.268,88,137,0.642,72,165,237,90,95.0,42,21,27,128,111,456,-94.0,13,13,1,13,13,14,13,15,12,11,16,13,12,15,9,13,13,14,7,11,13,4,6,14,14,16,2015-16,Playoffs,490.8288,92.9040838679393
1610612763,Memphis Grizzlies,4,0,4,0.0,192.0,128,325,0.394,19,64,0.297,49,70,0.7,55,109,164,66,62.0,31,16,37,86,70,324,-88.0,15,15,1,15,15,16,15,14,16,16,12,16,16,12,13,16,15,16,4,14,14,6,2,16,16,14,2015-16,Playoffs,348.288,93.02646085997796
1610612766,Charlotte Hornets,7,3,4,0.429,336.0,223,563,0.396,40,130,0.308,146,174,0.839,50,208,258,95,66.0,40,23,50,122,151,632,-62.0,9,9,1,8,9,10,9,13,11,12,10,9,10,1,14,12,12,13,5,12,12,9,4,10,10,12,2015-16,Playoffs,629.3376,100.42304797933576
1610612748,Miami Heat,14,7,7,0.5,687.0,516,1127,0.458,96,268,0.358,228,298,0.765,127,492,619,229,184.0,76,83,47,297,274,1356,44.0,5,5,13,5,5,5,5,4,7,7,7,5,5,7,6,5,5,6,12,6,4,7,12,5,5,5,2015-16,Playoffs,1262.5151999999998,107.4046474846402
1610612760,Oklahoma City Thunder,18,11,7,0.611,864.0,688,1521,0.452,149,448,0.333,390,496,0.786,225,620,845,369,250.0,139,97,72,366,381,1915,95.0,4,3,13,3,4,3,4,6,3,4,9,2,2,5,2,3,3,3,13,4,2,13,13,4,3,3,2015-16,Playoffs,1693.6704,113.0680444081682
1610612757,Portland Trail Blazers,11,5,6,0.455,533.0,408,980,0.416,131,344,0.381,208,281,0.74,142,382,524,237,144.0,68,43,65,258,240,1155,-28.0,6,7,11,7,6,6,6,12,5,5,5,6,6,8,5,6,6,5,10,8,8,12,11,6,6,9,2015-16,Playoffs,1061.4144,108.8170652291885
1610612759,San Antonio Spurs,10,6,4,0.6,480.0,387,825,0.469,82,191,0.429,164,205,0.8,79,316,395,213,116.0,91,70,47,182,199,1020,91.0,7,6,1,4,8,7,8,2,8,8,1,7,7,3,8,8,8,8,9,5,7,7,9,8,7,4,2015-16,Playoffs,914.112,111.5837009031716
1610612761,Toronto Raptors,20,10,10,0.5,975.0,685,1628,0.421,137,459,0.298,361,490,0.737,216,591,807,314,260.0,150,73,97,437,409,1868,-85.0,3,4,16,5,3,4,3,11,4,3,11,3,3,9,4,4,4,4,14,3,6,15,15,3,4,13,2015-16,Playoffs,1812.096,103.08504626686444
1610612739,Cleveland Cavaliers,21,16,5,0.762,1008.0,805,1717,0.469,258,635,0.406,332,458,0.725,225,684,909,446,262.0,163,89,94,412,441,2200,181.0,2,1,10,1,2,2,2,3,2,2,2,4,4,11,2,2,2,2,15,2,3,14,14,2,2,1,2015-16,Playoffs,1877.2992,117.18963072055855
1610612745,Houston Rockets,11,6,5,0.545,533.0,410,935,0.439,141,423,0.333,224,284,0.789,109,363,472,215,154.0,85,51,77,230,214,1185,13.0,6,6,10,3,6,6,6,15,4,4,10,6,6,7,6,6,6,7,11,6,6,15,10,7,6,4,2016-17,Playoffs,1060.7616,111.71218867651318
1610612737,Atlanta Hawks,6,2,4,0.333,288.0,225,507,0.444,50,164,0.305,133,174,0.764,68,198,266,134,96.0,36,20,45,128,149,633,-7.0,10,10,2,10,11,10,10,12,12,9,15,9,9,12,9,11,10,9,8,13,12,9,5,9,10,7,2016-17,Playoffs,587.0975999999999,107.8185296618484
1610612764,Washington Wizards,13,7,6,0.538,629.0,521,1139,0.457,109,344,0.317,254,320,0.794,145,414,559,296,179.0,103,86,57,299,293,1405,0.0,5,5,12,4,5,5,5,6,6,6,13,5,5,6,5,5,5,5,12,5,2,11,12,5,5,5,2016-17,Playoffs,1261.2479999999998,111.39759983762116
1610612738,Boston Celtics,18,9,9,0.5,869.0,691,1513,0.457,229,620,0.369,283,366,0.773,170,513,683,485,242.0,139,74,93,374,342,1894,-52.0,1,3,16,5,1,3,1,7,2,1,6,4,4,8,2,3,4,1,16,2,5,16,16,3,3,13,2016-17,Playoffs,1676.1984,112.9937840293846
1610612741,Chicago Bulls,6,2,4,0.333,288.0,218,495,0.44,42,141,0.298,101,119,0.849,75,205,280,120,92.0,43,31,22,110,103,579,-41.0,10,10,2,10,11,11,11,14,15,12,16,12,14,2,7,10,9,12,7,11,10,1,3,14,11,10,2016-17,Playoffs,541.7856,106.8688425827486
1610612739,Cleveland Cavaliers,18,13,5,0.722,864.0,737,1495,0.493,256,610,0.42,362,472,0.767,166,593,759,397,235.0,133,84,68,338,401,2092,143.0,1,2,10,2,2,1,2,2,1,2,1,1,1,11,3,2,2,3,15,3,3,14,14,1,1,2,2016-17,Playoffs,1700.8128,123.00001505162707
1610612744,Golden State Warriors,17,16,1,0.941,816.0,730,1479,0.494,216,559,0.386,352,432,0.815,158,620,778,480,232.0,148,104,65,370,367,2028,230.0,3,1,1,1,3,2,3,1,3,3,4,2,2,3,4,1,1,2,14,1,1,13,15,2,2,1,2016-17,Playoffs,1673.3567999999998,121.19351951717653
1610612754,Indiana Pacers,4,0,4,0.0,192.0,162,348,0.466,45,115,0.391,66,86,0.767,47,121,168,90,53.0,32,15,25,91,73,435,-16.0,15,15,2,15,15,15,16,4,13,16,3,16,16,10,14,16,16,15,1,14,15,4,2,16,15,9,2016-17,Playoffs,376.1664,115.64031237239688
1610612749,Milwaukee Bucks,6,2,4,0.333,288.0,209,469,0.446,54,130,0.415,87,125,0.696,49,179,228,127,80.0,49,30,28,128,127,559,-4.0,10,10,2,10,11,12,12,10,11,15,2,14,12,15,13,12,12,11,5,9,11,6,5,11,13,6,2016-17,Playoffs,532.8,104.91741741741744
1610612763,Memphis Grizzlies,6,2,4,0.333,293.0,208,463,0.449,56,145,0.386,106,122,0.869,46,167,213,113,68.0,31,15,23,133,115,578,-50.0,10,10,2,10,10,13,13,9,10,11,5,11,13,1,15,13,14,13,4,15,15,3,7,12,12,12,2016-17,Playoffs,517.1328,111.77012945224128
1610612760,Oklahoma City Thunder,5,1,4,0.2,240.0,193,437,0.442,42,135,0.311,93,135,0.689,61,157,218,99,64.0,42,40,25,111,113,521,-43.0,14,14,2,14,14,14,14,13,15,14,14,13,11,16,11,14,13,14,3,12,8,4,4,13,14,11,2016-17,Playoffs,479.424,108.67207315445202
1610612757,Portland Trail Blazers,4,0,4,0.0,192.0,142,358,0.397,44,136,0.324,78,97,0.804,40,136,176,63,61.0,29,19,41,87,75,406,-72.0,15,15,2,15,15,16,15,16,14,13,12,15,15,5,16,15,15,16,2,16,13,8,1,15,16,16,2016-17,Playoffs,404.8128,100.2932713590084
1610612759,San Antonio Spurs,16,8,8,0.5,778.0,640,1385,0.462,137,391,0.35,296,383,0.773,204,507,711,341,204.0,124,75,63,300,341,1713,16.0,4,4,15,5,4,4,4,5,5,5,8,3,3,9,1,4,3,4,13,4,4,12,13,4,4,3,2016-17,Playoffs,1491.3792,114.86012410525774
1610612761,Toronto Raptors,10,4,6,0.4,480.0,353,795,0.444,78,235,0.332,183,225,0.813,68,325,393,196,129.0,74,44,50,209,199,967,-57.0,8,7,12,8,8,8,8,11,8,8,11,8,8,4,9,8,8,8,9,8,7,10,9,8,8,15,2016-17,Playoffs,916.8,105.47556719022688
1610612762,Utah Jazz,11,4,7,0.364,528.0,392,862,0.455,104,285,0.365,188,257,0.732,74,356,430,217,133.0,81,35,36,232,224,1076,-52.0,6,7,14,9,7,7,7,8,7,7,7,7,7,13,8,7,7,6,10,7,9,7,11,6,7,13,2016-17,Playoffs,992.7168,108.38942183712416
1610612746,LA Clippers,7,3,4,0.429,336.0,255,539,0.473,57,164,0.348,117,168,0.696,54,210,264,129,85.0,44,17,22,142,146,684,-8.0,9,9,2,7,9,9,9,3,9,9,9,10,10,14,12,9,11,10,6,10,14,1,8,10,9,8,2016-17,Playoffs,618.1632,110.65039135296313
1610612759,San Antonio Spurs,5,1,4,0.2,240.0,173,419,0.413,42,141,0.298,96,115,0.835,42,146,188,95,55.0,38,15,25,102,99,484,-44.0,13,13,1,13,13,15,13,16,16,12,16,13,14,2,15,15,15,15,1,14,15,2,3,14,15,13,2017-18,Playoffs,463.296,104.46884928857578
1610612757,Portland Trail Blazers,4,0,4,0.0,192.0,165,364,0.453,43,129,0.333,49,63,0.778,45,129,174,76,58.0,33,15,26,82,78,422,-36.0,16,16,1,16,16,16,16,9,15,15,14,16,16,6,13,16,16,16,2,15,15,4,1,16,16,11,2017-18,Playoffs,388.5312,108.6141859392502
1610612755,Philadelphia 76ers,10,5,5,0.5,485.0,387,885,0.437,99,293,0.338,215,283,0.76,134,361,495,258,146.0,78,41,59,228,255,1088,39.0,6,5,10,6,6,7,6,13,7,6,12,5,5,10,5,6,5,5,11,6,9,11,12,5,6,3,2017-18,Playoffs,980.6592,110.94578014462108
1610612760,Oklahoma City Thunder,6,2,4,0.333,288.0,223,519,0.43,63,173,0.364,98,127,0.772,56,208,264,98,84.0,53,25,33,130,124,607,-26.0,11,11,1,11,11,12,11,15,11,11,7,10,13,8,10,11,11,14,6,10,12,7,5,12,12,10,2017-18,Playoffs,578.7647999999999,104.878527512385
1610612740,New Orleans Pelicans,9,5,4,0.556,432.0,386,808,0.478,89,243,0.366,129,165,0.782,71,339,410,242,130.0,73,45,44,174,171,990,-7.0,8,5,1,4,8,8,8,4,8,8,6,8,8,5,8,7,7,6,9,7,8,9,9,8,8,7,2017-18,Playoffs,902.016,109.7541507024266
1610612750,Minnesota Timberwolves,5,1,4,0.2,240.0,190,413,0.46,45,109,0.413,83,114,0.728,43,183,226,112,63.0,25,16,31,91,88,508,-44.0,13,13,1,13,13,13,15,7,14,16,1,15,15,12,14,13,13,13,3,16,14,6,2,15,14,13,2017-18,Playoffs,463.83359999999993,109.52203548858904
1610612762,Utah Jazz,11,5,6,0.455,528.0,415,912,0.455,118,329,0.359,178,259,0.687,103,392,495,223,171.0,83,55,61,226,230,1126,-24.0,5,5,12,7,5,5,5,8,5,5,8,7,6,15,6,5,5,7,12,5,6,12,10,6,5,9,2017-18,Playoffs,1050.2016,107.21750947627578
1610612761,Toronto Raptors,10,4,6,0.4,485.0,389,823,0.473,104,267,0.39,191,239,0.799,94,307,401,218,140.0,57,61,48,226,203,1073,-44.0,6,8,12,10,6,6,7,5,6,7,3,6,7,4,7,8,8,8,10,8,5,10,10,7,7,13,2017-18,Playoffs,935.1936,114.73560127015408
1610612745,Houston Rockets,17,11,6,0.647,816.0,632,1450,0.436,228,676,0.337,292,378,0.772,149,582,731,320,205.0,138,93,74,325,332,1784,31.0,4,3,12,2,4,4,4,14,2,1,13,4,4,7,4,4,4,4,13,2,3,13,13,4,4,4,2017-18,Playoffs,1605.4272,111.12307054471236
1610612744,Golden State Warriors,21,16,5,0.762,1013.0,866,1806,0.48,235,659,0.357,352,428,0.822,192,753,945,547,270.0,165,122,76,414,408,2319,210.0,2,1,10,1,2,1,1,3,1,3,10,2,3,3,2,1,1,1,15,1,1,14,15,2,1,1,2017-18,Playoffs,1989.4272,116.56621564237184
1610612739,Cleveland Cavaliers,22,12,10,0.545,1066.0,811,1801,0.45,221,667,0.331,382,508,0.752,215,695,910,423,279.0,131,97,96,430,481,2225,-38.0,1,2,16,5,1,2,2,10,3,2,15,1,1,11,1,2,2,2,16,3,2,15,16,1,2,12,2017-18,Playoffs,2004.9792,110.97371982711842
1610612738,Boston Celtics,19,11,8,0.579,922.0,692,1582,0.437,199,581,0.343,343,447,0.767,168,624,792,403,221.0,130,77,106,388,406,1926,13.0,3,3,15,3,3,3,3,12,4,4,11,3,2,9,3,3,3,3,14,4,4,16,14,3,3,5,2017-18,Playoffs,1758.4128,109.53059486373164
1610612749,Milwaukee Bucks,7,3,4,0.429,341.0,274,548,0.5,67,180,0.372,98,139,0.705,39,231,270,154,92.0,46,47,29,160,136,713,-4.0,9,9,1,8,9,9,10,1,10,10,4,10,11,14,16,9,10,9,7,12,7,5,8,10,9,6,2017-18,Playoffs,635.6736,112.16448189762798
1610612764,Washington Wizards,6,2,4,0.333,288.0,238,511,0.466,48,131,0.366,119,140,0.85,51,189,240,140,81.0,47,31,37,126,128,643,-12.0,11,11,1,11,11,11,12,6,13,14,5,9,10,1,11,12,12,11,5,11,11,8,4,11,11,8,2017-18,Playoffs,578.496,111.15029317402367
1610612748,Miami Heat,5,1,4,0.2,240.0,183,414,0.442,54,138,0.391,97,143,0.678,48,157,205,119,80.0,44,32,21,146,120,517,-54.0,13,13,1,13,13,14,14,11,12,13,2,12,9,16,12,14,14,12,4,13,10,1,6,13,13,16,2017-18,Playoffs,488.5632,105.82049569021984
1610612754,Indiana Pacers,7,3,4,0.429,336.0,270,561,0.481,68,190,0.358,96,135,0.711,57,223,280,148,92.0,57,19,25,153,142,704,40.0,9,9,1,8,10,10,9,2,9,9,9,13,12,13,9,10,9,10,7,8,13,2,7,9,10,2,2017-18,Playoffs,629.184,111.89095717627912
1610612755,Philadelphia 76ers,12,7,5,0.583,576.0,473,1030,0.459,113,341,0.331,245,310,0.79,137,445,582,293,198.0,76,65,41,269,265,1304,36.0,6,5,10,4,6,6,6,3,7,7,11,6,6,6,6,6,6,6,13,7,5,9,11,6,6,4,2018-19,Playoffs,1178.304,110.66753571234588
1610612753,Orlando Magic,5,1,4,0.2,240.0,161,415,0.388,52,174,0.299,86,111,0.775,48,169,217,95,78.0,33,20,21,94,115,460,-72.0,11,11,1,11,11,14,14,15,11,11,15,14,14,8,14,12,12,14,7,12,12,2,2,13,14,15,2018-19,Playoffs,474.0864,97.02872725309142
1610612743,Denver Nuggets,14,7,7,0.5,692.0,559,1263,0.443,134,389,0.344,276,353,0.782,183,485,668,336,137.0,80,65,66,298,307,1528,26.0,5,5,13,7,5,5,5,8,6,6,6,5,5,7,3,5,5,4,10,6,5,12,12,5,5,6,2018-19,Playoffs,1317.4272,115.98363841280946
1610612744,Golden State Warriors,22,14,8,0.636,1066.0,904,1895,0.477,268,720,0.372,435,535,0.813,223,730,953,625,328.0,163,125,85,511,490,2511,74.0,2,2,14,3,2,1,2,1,2,2,1,2,2,3,1,2,2,1,16,2,1,14,15,2,2,3,2018-19,Playoffs,2145.984,117.00926008768006
1610612745,Houston Rockets,11,6,5,0.545,533.0,409,922,0.444,172,470,0.366,204,267,0.764,106,366,472,201,174.0,94,56,51,238,237,1194,35.0,7,7,10,6,7,7,7,7,5,5,2,7,7,11,7,7,7,7,11,5,7,11,10,7,7,5,2018-19,Playoffs,1063.1808,112.3045111424134
1610612754,Indiana Pacers,4,0,4,0.0,192.0,134,334,0.401,40,119,0.336,59,82,0.72,32,129,161,83,48.0,33,14,12,80,78,367,-30.0,15,15,1,15,15,16,16,13,16,16,10,15,15,16,16,15,16,16,2,12,15,1,1,16,16,11,2018-19,Playoffs,370.6368,99.01876985771516
1610612746,LA Clippers,6,2,4,0.333,288.0,239,535,0.447,69,190,0.363,141,173,0.815,60,181,241,152,90.0,48,20,45,150,155,688,-59.0,10,10,1,10,10,10,10,5,9,9,3,9,9,2,10,10,10,9,8,9,12,10,8,9,10,14,2018-19,Playoffs,615.4752,111.78354546210798
1610612760,Oklahoma City Thunder,5,1,4,0.2,240.0,189,430,0.44,52,157,0.331,96,127,0.756,51,165,216,113,76.0,33,27,29,121,117,526,-29.0,11,11,1,11,11,12,13,9,11,13,12,12,13,12,13,13,13,12,5,12,10,4,6,12,12,10,2018-19,Playoffs,490.4448,107.24958241987682
1610612757,Portland Trail Blazers,16,8,8,0.5,793.0,631,1447,0.436,189,525,0.36,304,397,0.766,183,540,723,316,206.0,110,82,94,364,365,1755,-22.0,3,4,14,7,3,3,3,10,4,4,4,4,4,10,3,4,4,5,14,3,4,15,14,3,3,9,2018-19,Playoffs,1578.8928,111.15384147676144
1610612761,Toronto Raptors,24,16,8,0.667,1162.0,904,2034,0.444,286,827,0.346,464,559,0.83,199,817,1016,541,290.0,193,110,120,543,522,2558,131.0,1,1,14,1,1,1,1,6,1,1,5,1,1,1,2,1,1,2,15,1,2,16,16,1,1,2,2018-19,Playoffs,2276.1216,112.38415381673808
1610612751,Brooklyn Nets,5,1,4,0.2,240.0,192,457,0.42,55,170,0.324,118,146,0.808,56,146,202,96,71.0,38,14,30,114,121,557,-55.0,11,11,1,11,11,11,11,12,10,12,14,11,11,4,12,14,14,13,4,11,15,5,5,11,11,13,2018-19,Playoffs,514.7904,108.19937590133772
1610612765,Detroit Pistons,4,0,4,0.0,192.0,150,387,0.388,44,133,0.331,48,66,0.727,43,126,169,92,42.0,29,16,35,97,80,392,-95.0,15,15,1,15,15,15,15,16,15,15,13,16,16,15,15,16,15,15,1,16,14,6,3,15,15,16,2018-19,Playoffs,398.4384,98.3840914931894
1610612749,Milwaukee Bucks,15,10,5,0.667,730.0,597,1325,0.451,192,571,0.336,306,420,0.729,152,627,779,375,195.0,100,96,71,327,350,1692,132.0,4,3,10,1,4,4,4,4,3,3,9,3,3,14,5,3,3,3,12,4,3,13,13,4,4,1,2018-19,Playoffs,1490.688,113.50463678516228
1610612738,Boston Celtics,9,5,4,0.556,432.0,321,757,0.424,102,297,0.343,175,218,0.803,67,363,430,193,133.0,53,34,39,187,189,919,-13.0,8,8,1,5,8,8,8,11,8,8,7,8,8,5,9,8,8,8,9,8,8,8,9,8,8,7,2018-19,Playoffs,882.1632,104.1757352834487
1610612759,San Antonio Spurs,7,3,4,0.429,336.0,276,596,0.463,47,139,0.338,124,161,0.77,75,241,316,148,59.0,32,28,25,136,140,723,-13.0,9,9,1,9,9,9,9,2,13,14,8,10,10,9,8,9,9,10,3,15,9,3,7,10,9,7,2018-19,Playoffs,624.8064,115.71584413988076
1610612762,Utah Jazz,5,1,4,0.2,240.0,173,432,0.4,47,179,0.263,96,128,0.75,59,177,236,115,76.0,46,27,35,109,107,489,-46.0,11,11,1,11,11,13,12,14,13,10,16,12,12,13,11,11,11,11,5,10,10,6,4,14,13,12,2018-19,Playoffs,485.1072,100.80246180638012
1610612747,Los Angeles Lakers,21,16,5,0.762,1008.0,862,1764,0.489,254,718,0.354,391,516,0.758,222,704,926,538,323.0,169,112,65,476,471,2369,144.0,1,1,10,1,2,1,1,1,2,2,12,2,2,13,1,2,1,1,16,1,1,13,16,2,1,1,2019-20,Playoffs,2008.3584,117.95703396365909
1610612749,Milwaukee Bucks,10,5,5,0.5,485.0,401,871,0.46,133,371,0.358,176,243,0.724,94,373,467,243,149.0,72,42,36,217,212,1111,12.0,8,7,10,6,8,8,8,6,8,8,11,8,6,15,6,8,7,8,10,8,7,9,9,8,8,7,2019-20,Playoffs,991.6032,112.04078405555772
1610612742,Dallas Mavericks,6,2,4,0.333,293.0,253,535,0.473,81,225,0.36,115,159,0.723,46,213,259,129,76.0,39,22,20,135,147,702,-58.0,11,11,1,11,11,11,11,4,11,11,9,11,11,16,13,11,11,10,5,10,10,3,8,11,11,15,2019-20,Playoffs,609.5616,115.16473478644323
1610612738,Boston Celtics,17,10,7,0.588,831.0,656,1444,0.454,211,619,0.341,336,412,0.816,149,620,769,385,237.0,114,82,81,379,374,1859,85.0,4,3,13,4,4,4,4,9,4,3,13,3,3,4,4,3,4,4,13,4,2,15,13,4,4,2,2019-20,Playoffs,1644.7487999999998,113.02637825301956
1610612754,Indiana Pacers,4,0,4,0.0,192.0,146,321,0.455,48,128,0.375,63,81,0.778,23,123,146,90,61.0,37,22,17,93,63,403,-42.0,14,14,1,14,14,14,16,8,15,15,5,16,16,9,16,16,16,14,3,11,10,1,3,16,15,9,2019-20,Playoffs,378.8544,106.37331914318536
1610612746,LA Clippers,13,7,6,0.538,629.0,532,1123,0.474,157,427,0.368,261,327,0.798,123,449,572,275,169.0,97,48,53,298,290,1482,55.0,5,5,12,5,5,5,5,3,7,7,6,5,5,6,5,5,5,5,12,6,6,10,12,5,5,3,2019-20,Playoffs,1260.3648,117.58500396075802
1610612748,Miami Heat,21,14,7,0.667,1018.0,792,1723,0.46,268,746,0.359,458,555,0.825,163,705,868,523,277.0,145,81,94,417,475,2310,42.0,1,2,13,2,1,2,2,7,1,1,10,1,1,2,3,1,2,2,15,2,3,16,14,1,2,5,2019-20,Playoffs,1997.952,115.61839323467233
1610612745,Houston Rockets,12,5,7,0.417,581.0,449,1029,0.436,203,561,0.362,191,242,0.789,80,386,466,256,161.0,109,42,59,266,223,1292,9.0,6,7,13,10,6,6,6,11,5,5,8,6,7,8,8,7,8,7,11,5,7,12,11,6,6,8,2019-20,Playoffs,1167.8208,110.63341224955062
1610612760,Oklahoma City Thunder,7,3,4,0.429,341.0,257,598,0.43,84,256,0.328,130,168,0.774,63,286,349,125,119.0,37,28,27,120,161,728,-45.0,9,9,1,8,9,10,9,12,10,10,15,9,9,11,10,9,9,11,8,11,9,6,5,9,10,11,2019-20,Playoffs,698.8032,104.17811481115142
1610612753,Orlando Magic,5,1,4,0.2,240.0,186,443,0.42,75,199,0.377,88,105,0.838,33,182,215,119,73.0,34,16,19,105,103,535,-46.0,12,12,1,12,12,13,12,14,12,12,4,14,14,1,15,12,12,12,4,14,16,2,4,13,12,12,2019-20,Playoffs,508.032,105.30832703451752
1610612755,Philadelphia 76ers,4,0,4,0.0,192.0,133,336,0.396,32,121,0.264,104,128,0.813,49,135,184,70,48.0,20,18,22,89,97,402,-47.0,14,14,1,14,14,16,15,16,16,16,16,12,12,5,11,15,14,16,1,15,13,4,2,14,16,13,2019-20,Playoffs,375.6672,107.00960850454872
1610612757,Portland Trail Blazers,5,1,4,0.2,240.0,188,441,0.426,58,153,0.379,99,125,0.792,49,165,214,89,80.0,37,18,29,125,114,533,-53.0,12,12,1,12,12,12,13,13,14,14,2,13,13,7,11,13,13,15,6,11,13,7,6,12,13,14,2019-20,Playoffs,505.92,105.35262492093614
1610612751,Brooklyn Nets,4,0,4,0.0,192.0,145,365,0.397,62,184,0.337,71,98,0.724,37,140,177,103,58.0,20,18,22,85,90,423,-82.0,14,14,1,14,14,15,14,15,13,13,14,15,15,14,14,14,15,13,2,15,13,4,1,15,14,16,2019-20,Playoffs,411.9552,102.68106823266218
1610612761,Toronto Raptors,11,7,4,0.636,538.0,430,973,0.442,161,443,0.363,182,234,0.778,90,401,491,273,144.0,78,60,55,247,223,1203,45.0,7,5,1,3,7,7,7,10,6,6,7,7,8,9,7,6,6,6,9,7,5,11,10,6,7,4,2019-20,Playoffs,1084.7616,110.89994336082694
1610612762,Utah Jazz,7,3,4,0.429,341.0,279,573,0.487,110,261,0.421,126,163,0.773,65,223,288,150,84.0,43,22,32,133,149,794,24.0,9,9,1,8,9,9,10,2,9,9,1,10,10,12,9,10,10,9,7,9,10,8,7,10,9,6,2019-20,Playoffs,637.1712,124.61329074509332
1610612743,Denver Nuggets,19,9,10,0.474,917.0,738,1568,0.471,233,615,0.379,332,407,0.816,176,596,772,428,265.0,117,76,76,426,419,2041,-43.0,3,4,16,7,3,3,3,5,3,4,3,4,4,3,2,4,3,3,14,3,4,14,15,3,3,10,2019-20,Playoffs,1762.6367999999998,115.79243097613758
1610612757,Portland Trail Blazers,6,2,4,0.333,298.0,252,530,0.475,97,235,0.413,116,136,0.853,56,194,250,137,71.0,31,33,27,139,121,717,-8.0,10,10,1,10,10,10,10,4,9,10,1,9,13,3,13,11,11,10,6,13,10,2,7,11,10,6,2020-21,Playoffs,580.6464,123.4830699027842
1610612756,Phoenix Suns,22,14,8,0.636,1056.0,900,1871,0.481,246,654,0.376,352,409,0.861,175,764,939,511,262.0,142,92,80,434,408,2398,98.0,2,2,14,2,2,2,2,2,3,3,8,2,3,2,2,2,2,2,15,2,2,15,16,2,2,2,2020-21,Playoffs,2052.4416,116.83645468889344
1610612762,Utah Jazz,11,6,5,0.545,528.0,437,926,0.472,198,480,0.413,214,267,0.801,103,363,466,216,148.0,57,45,47,237,232,1286,-9.0,7,7,9,6,7,7,7,6,5,5,2,6,6,7,7,7,7,8,11,8,7,10,10,6,7,7,2020-21,Playoffs,1044.9408,123.06917291391052
1610612752,New York Knicks,5,1,4,0.2,240.0,172,432,0.398,52,152,0.342,89,109,0.817,59,173,232,93,61.0,29,14,34,99,95,485,-35.0,12,12,1,12,12,15,15,15,13,14,11,14,14,6,12,12,12,15,3,14,15,6,2,15,15,9,2020-21,Playoffs,462.6816,104.82370597836612
1610612749,Milwaukee Bucks,23,16,7,0.696,1114.0,968,2095,0.462,258,804,0.321,343,478,0.718,295,831,1126,525,293.0,180,97,87,413,462,2537,118.0,1,1,13,1,1,1,1,8,2,1,14,3,1,14,1,1,1,1,16,1,1,16,15,1,1,1,2020-21,Playoffs,2211.1872000000003,114.73474520836588
1610612763,Memphis Grizzlies,5,1,4,0.2,240.0,221,472,0.468,52,158,0.329,81,102,0.794,56,150,206,110,52.0,40,20,31,103,96,575,-42.0,12,12,1,12,12,11,12,7,13,13,13,15,15,9,13,14,15,13,1,9,13,4,3,14,12,12,2020-21,Playoffs,492.3648,116.78332813393646
1610612755,Philadelphia 76ers,12,7,5,0.583,576.0,510,1029,0.496,134,341,0.393,241,352,0.685,108,428,536,299,154.0,96,74,45,276,286,1395,90.0,5,5,9,3,6,5,6,1,8,8,3,5,5,16,6,5,5,5,12,5,5,9,12,5,5,3,2020-21,Playoffs,1180.6848,118.15177090447848
1610612747,Los Angeles Lakers,6,2,4,0.333,288.0,206,498,0.414,59,197,0.299,114,147,0.776,63,196,259,116,83.0,40,24,30,123,126,585,-39.0,10,10,1,10,11,12,11,14,12,11,15,10,9,10,10,10,10,11,8,9,11,3,6,10,11,11,2020-21,Playoffs,559.3728,104.58141690121508
1610612742,Dallas Mavericks,7,3,4,0.429,336.0,274,602,0.455,95,245,0.388,99,140,0.707,72,212,284,145,77.0,39,15,35,142,144,742,-36.0,9,9,1,8,9,9,9,11,10,9,4,13,11,15,9,9,9,9,7,11,14,7,8,9,9,10,2020-21,Playoffs,641.856,115.60225346495164
1610612751,Brooklyn Nets,12,7,5,0.583,581.0,488,1034,0.472,163,427,0.382,211,243,0.868,99,412,511,271,139.0,85,58,74,254,223,1350,76.0,5,5,9,3,5,6,5,5,6,6,6,7,7,1,8,6,6,6,10,6,6,13,11,7,6,5,2020-21,Playoffs,1133.6832,119.08088608881212
1610612738,Boston Celtics,5,1,4,0.2,240.0,192,441,0.435,64,183,0.35,113,137,0.825,63,144,207,105,65.0,32,35,33,105,117,561,-56.0,12,12,1,12,12,14,14,13,11,12,9,11,12,4,10,15,14,14,4,12,9,5,4,13,13,14,2020-21,Playoffs,483.1488,116.11329677316805
1610612737,Atlanta Hawks,18,10,8,0.556,864.0,701,1562,0.449,211,615,0.343,300,376,0.798,164,599,763,364,224.0,121,79,77,382,366,1913,-27.0,4,3,14,5,4,4,3,12,4,4,10,4,4,8,4,4,4,4,14,4,4,14,14,4,4,8,2020-21,Playoffs,1715.9424,111.4839285980695
1610612764,Washington Wizards,5,1,4,0.2,240.0,203,443,0.458,35,121,0.289,109,145,0.752,53,164,217,112,67.0,24,24,36,120,119,550,-70.0,12,12,1,12,12,13,13,9,16,16,16,12,10,13,15,13,13,12,5,16,11,8,5,12,14,15,2020-21,Playoffs,499.968,110.00704045058885
1610612748,Miami Heat,4,0,4,0.0,197.0,141,357,0.395,48,143,0.336,62,81,0.765,36,133,169,86,56.0,29,14,12,82,80,392,-82.0,16,16,1,16,16,16,16,16,15,15,12,16,16,11,16,16,16,16,2,14,15,1,1,16,16,16,2020-21,Playoffs,396.1344,98.95631381672484
1610612746,LA Clippers,19,10,9,0.526,912.0,743,1557,0.477,263,691,0.381,371,451,0.823,167,615,782,395,203.0,129,81,51,370,405,2120,77.0,3,3,16,7,3,3,4,3,1,2,7,1,2,5,3,3,3,3,13,3,3,12,13,3,3,4,2020-21,Playoffs,1719.7824,123.2714092201432
1610612743,Denver Nuggets,10,4,6,0.4,490.0,421,922,0.457,147,385,0.382,159,209,0.761,117,319,436,249,112.0,61,43,49,204,203,1148,-55.0,8,8,12,9,8,8,8,10,7,7,5,8,8,12,5,8,8,7,9,7,8,11,9,8,8,13,2020-21,Playoffs,968.6016,118.521381752828
1610612742,Dallas Mavericks,18,9,9,0.5,864.0,653,1455,0.449,284,747,0.38,324,420,0.771,117,540,657,345,184.0,129,50,64,380,397,1914,13.0,3,4,15,6,3,4,4,8,3,3,3,3,3,12,6,4,4,4,13,4,7,11,13,3,3,6,2021-22,Playoffs,1638.5279999999998,116.81216311225684
1610612738,Boston Celtics,24,14,10,0.583,1152.0,881,1962,0.449,328,879,0.373,443,556,0.797,216,814,1030,588,353.0,154,150,113,497,521,2533,86.0,1,2,16,3,1,2,1,7,1,1,5,1,1,6,1,1,1,2,16,2,1,16,16,1,1,2,2021-22,Playoffs,2249.8944,112.58306167613912
1610612762,Utah Jazz,6,2,4,0.333,288.0,210,474,0.443,49,179,0.274,125,159,0.786,56,213,269,103,70.0,24,22,14,132,139,594,-34.0,9,9,1,9,10,12,12,12,15,12,16,11,11,9,11,9,10,14,4,16,12,1,6,9,12,12,2021-22,Playoffs,535.6416,110.8950462398738
1610612751,Brooklyn Nets,4,0,4,0.0,192.0,157,312,0.503,46,109,0.422,76,103,0.738,34,102,136,89,61.0,32,26,16,99,98,436,-18.0,16,16,1,16,16,16,16,1,16,16,1,15,15,14,16,16,16,16,2,14,11,3,2,15,16,10,2021-22,Playoffs,368.9472,118.17409103524842
1610612743,Denver Nuggets,5,1,4,0.2,240.0,197,414,0.476,56,157,0.357,100,126,0.794,56,153,209,125,82.0,35,17,31,125,116,550,-40.0,13,13,1,13,13,13,14,4,12,15,9,12,12,7,11,15,14,11,5,13,14,7,4,14,13,13,2021-22,Playoffs,475.6224,115.63795145056244
1610612744,Golden State Warriors,22,16,6,0.727,1056.0,910,1895,0.48,308,821,0.375,333,435,0.766,216,750,966,594,320.0,170,109,107,474,424,2461,111.0,2,1,10,1,2,1,2,3,2,2,4,2,2,13,1,2,2,1,15,1,2,15,15,2,2,1,2021-22,Playoffs,2102.784,117.03532079376672
1610612763,Memphis Grizzlies,12,6,6,0.5,576.0,477,1096,0.435,157,430,0.365,239,325,0.735,149,401,550,302,168.0,110,73,81,249,285,1350,29.0,6,7,10,6,7,6,5,15,5,5,7,5,5,15,4,6,6,6,10,5,3,13,11,5,6,4,2021-22,Playoffs,1207.68,111.7845786963434
1610612741,Chicago Bulls,5,1,4,0.2,240.0,182,451,0.404,52,184,0.283,60,72,0.833,41,179,220,115,65.0,39,16,24,93,89,476,-73.0,13,13,1,13,13,14,13,16,14,11,15,16,16,2,15,12,13,13,3,11,15,4,1,16,15,16,2021-22,Playoffs,486.4128,97.8592668613984
1610612749,Milwaukee Bucks,12,7,5,0.583,576.0,462,1056,0.438,127,388,0.327,182,249,0.731,117,488,605,250,165.0,76,54,66,229,241,1233,18.0,6,5,9,3,7,7,7,14,8,7,11,8,7,16,6,5,5,8,9,7,5,12,9,8,8,5,2021-22,Playoffs,1165.0176,105.8353109858598
1610612755,Philadelphia 76ers,12,6,6,0.5,581.0,437,939,0.465,149,400,0.373,231,272,0.849,92,376,468,261,177.0,73,52,50,247,246,1254,4.0,6,7,10,6,6,8,8,5,6,6,6,6,6,1,8,8,8,7,12,8,6,10,10,7,7,7,2021-22,Playoffs,1097.9328,114.2146404588696
1610612748,Miami Heat,18,11,7,0.611,864.0,684,1536,0.445,196,626,0.313,312,388,0.804,177,562,739,394,233.0,150,66,83,386,386,1876,69.0,3,3,14,2,3,3,3,10,4,4,13,4,4,5,3,3,3,3,14,3,4,14,14,4,4,3,2021-22,Playoffs,1692.2112,110.86086653959032
1610612756,Phoenix Suns,13,7,6,0.538,624.0,535,1076,0.497,128,353,0.363,201,246,0.817,123,399,522,334,173.0,86,49,39,292,276,1399,-13.0,5,5,10,5,5,5,6,2,7,8,8,7,8,3,5,7,7,5,11,6,8,9,12,6,5,9,2021-22,Playoffs,1184.8704,118.07198491919452
1610612761,Toronto Raptors,6,2,4,0.333,293.0,230,516,0.446,59,197,0.299,100,126,0.794,60,165,225,124,60.0,40,29,29,133,122,619,-50.0,9,9,1,9,9,10,9,9,10,10,14,12,12,7,10,13,12,12,1,10,10,6,7,12,11,14,2021-22,Playoffs,548.5824,112.83628494096784
1610612737,Atlanta Hawks,5,1,4,0.2,240.0,172,391,0.44,57,175,0.326,86,110,0.782,43,154,197,93,82.0,29,12,15,108,117,487,-60.0,13,13,1,13,13,15,15,13,11,13,12,14,14,10,13,14,15,15,5,15,16,2,3,13,14,15,2021-22,Playoffs,459.264,106.03922798216276
1610612750,Minnesota Timberwolves,6,2,4,0.333,288.0,218,492,0.443,83,214,0.388,136,168,0.81,42,198,240,137,106.0,49,47,37,161,139,655,-33.0,9,9,1,9,10,11,11,11,9,9,2,9,10,4,14,10,11,9,8,9,9,8,8,9,10,11,2021-22,Playoffs,604.7231999999999,108.31401871137076
1610612740,New Orleans Pelicans,6,2,4,0.333,288.0,234,506,0.462,56,158,0.354,135,173,0.78,91,183,274,128,87.0,38,21,24,127,136,659,-9.0,9,9,1,9,10,9,10,6,12,14,10,10,9,11,9,11,9,10,7,12,13,4,5,11,9,8,2021-22,Playoffs,554.9952,118.7397656772527
1610612749,Milwaukee Bucks,5,1,4,0.2,1225.0,220,463,0.4751619870410367,78,206,0.3786407766990291,76,107,0.7102803738317757,51,171,222,134,72.0,33,18,0,94,0,594,-26.0,12,12,1,12,12,12,12,4,11,12,2,14,13,16,13,12,12,12,4,13,15,1,2,1,12,10,2022-23,Playoffs,509.8368,116.50787075393536
1610612756,Phoenix Suns,11,6,5,0.5454545454545454,2640.0,474,955,0.4963350785340314,103,284,0.3626760563380282,205,257,0.7976653696498055,101,339,440,270,133.0,69,62,0,242,0,1256,-25.0,6,6,11,5,7,6,6,1,8,8,6,6,6,9,8,8,8,6,9,8,5,1,11,1,6,9,2022-23,Playoffs,1056.0767999999998,118.93074443070807
1610612755,Philadelphia 76ers,11,7,4,0.6363636363636364,2665.0,404,924,0.4372294372294372,134,373,0.3592493297587131,186,210,0.8857142857142857,110,363,473,210,136.0,84,58,0,206,0,1128,-17.0,6,5,1,2,6,7,7,13,6,6,8,8,8,1,7,6,7,7,10,6,7,1,9,1,7,8,2022-23,Playoffs,1000.704,112.720644666155
1610612752,New York Knicks,11,6,5,0.5454545454545454,2640.0,388,896,0.4330357142857143,105,360,0.2916666666666667,220,295,0.7457627118644068,142,357,499,206,161.0,77,49,0,214,0,1101,4.0,6,6,11,5,7,8,8,14,7,7,16,5,5,13,6,7,6,8,11,7,8,1,10,1,8,5,2022-23,Playoffs,1003.008,109.76981240428792
1610612743,Denver Nuggets,20,16,4,0.8,4825.0,845,1719,0.491564863292612,225,600,0.375,354,442,0.8009049773755657,201,694,895,515,232.0,137,84,0,385,0,2269,166.0,2,1,1,1,2,2,2,2,3,3,3,2,2,8,2,2,2,2,14,2,3,1,15,1,2,1,2022-23,Playoffs,1866.7008,121.55134877533668
1610612751,Brooklyn Nets,4,0,4,0.0,960.0,136,309,0.4401294498381877,45,138,0.3260869565217391,53,73,0.726027397260274,23,117,140,89,49.0,21,15,0,62,0,370,-45.0,16,16,1,16,16,16,16,12,16,16,13,16,16,15,16,16,16,16,1,16,16,1,1,1,16,15,2022-23,Playoffs,352.4352,104.98383816372484
1610612750,Minnesota Timberwolves,5,1,4,0.2,1225.0,189,413,0.4576271186440678,56,161,0.3478260869565217,93,121,0.768595041322314,42,154,196,113,64.0,33,24,0,108,0,527,-44.0,12,12,1,12,12,14,14,8,14,14,9,12,11,10,15,13,14,13,2,13,11,1,5,1,14,14,2022-23,Playoffs,468.7104,112.436165273909
1610612748,Miami Heat,23,13,10,0.5652173913043478,5545.0,914,1997,0.457686529794692,294,774,0.3798449612403101,370,455,0.8131868131868132,212,714,926,542,269.0,161,82,0,462,0,2492,35.0,1,2,16,3,1,1,1,7,1,1,1,1,1,5,1,1,1,1,16,1,4,1,16,1,1,4,2022-23,Playoffs,2164.032,115.1554135983202
1610612738,Boston Celtics,20,11,9,0.55,4825.0,817,1710,0.4777777777777778,281,773,0.3635187580853816,324,400,0.81,189,672,861,483,248.0,120,127,0,343,0,2239,67.0,2,3,15,4,2,3,3,3,2,2,5,3,3,6,3,3,3,3,15,3,1,1,14,1,3,2,2022-23,Playoffs,1867.2,119.91216795201372
1610612746,LA Clippers,5,1,4,0.2,1200.0,204,443,0.4604966139954853,61,169,0.3609467455621302,109,132,0.8257575757575758,59,141,200,108,70.0,33,21,0,115,0,578,-32.0,12,12,1,12,14,13,13,6,13,13,7,10,10,3,12,14,13,15,3,13,12,1,6,1,13,12,2022-23,Playoffs,491.5968,117.57602978701244
1610612744,Golden State Warriors,13,6,7,0.4615384615384615,3120.0,545,1217,0.447822514379622,188,553,0.3399638336347197,192,256,0.75,163,449,612,366,187.0,94,60,0,298,0,1470,-2.0,5,6,13,8,5,5,5,11,4,4,10,7,7,12,4,5,5,5,12,5,6,1,13,1,5,6,2022-23,Playoffs,1299.4944,113.12091841257646
1610612739,Cleveland Cavaliers,5,1,4,0.2,1200.0,176,392,0.4489795918367347,50,153,0.326797385620915,69,93,0.7419354838709677,46,140,186,110,79.0,34,20,0,102,0,471,-27.0,12,12,1,12,14,15,15,10,15,15,12,15,15,14,14,15,15,14,7,12,14,1,4,1,15,11,2022-23,Playoffs,447.2832,105.30241243131869
1610612758,Sacramento Kings,7,3,4,0.4285714285714285,1680.0,287,669,0.4289985052316891,85,278,0.3057553956834532,137,180,0.7611111111111111,98,236,334,154,99.0,54,30,0,158,0,796,-15.0,9,9,1,9,9,9,9,15,9,9,15,9,9,11,9,9,9,9,8,9,9,1,8,1,9,7,2022-23,Playoffs,719.232,110.67360740345258
1610612747,Los Angeles Lakers,16,8,8,0.5,3865.0,657,1394,0.4713055954088953,162,484,0.3347107438016529,321,397,0.8085642317380353,145,569,714,399,191.0,109,102,0,279,0,1797,38.0,4,4,14,7,4,4,4,5,5,5,11,4,4,7,5,4,4,4,13,4,2,1,12,1,4,3,2022-23,Playoffs,1550.0928,115.92854311690245
1610612763,Memphis Grizzlies,6,2,4,0.3333333333333333,1465.0,230,572,0.4020979020979021,72,231,0.3116883116883117,96,115,0.8347826086956521,79,200,279,140,78.0,40,21,0,123,0,628,-45.0,10,10,1,10,10,11,11,16,12,10,14,11,12,2,10,10,10,11,6,11,12,1,7,1,11,15,2022-23,Playoffs,596.736,105.23916773916775
1610612737,Atlanta Hawks,6,2,4,0.3333333333333333,1440.0,264,578,0.4567474048442906,84,224,0.375,83,102,0.8137254901960784,73,190,263,147,77.0,46,29,0,98,0,695,-32.0,10,10,1,10,11,10,10,9,10,11,3,13,14,4,11,11,11,10,5,10,10,1,3,1,10,12,2022-23,Playoffs,601.8048,115.48595159094776
1610612760,Oklahoma City Thunder,10,6,4,0.6,2400.0,394,858,0.4592074592074592,121,340,0.3558823529411765,148,185,0.8,87,328,415,231,112.0,78,62,0,177,0,1057,63.0,8,7,2,2,8,8,8,8,8,8,9,8,8,8,8,8,8,8,9,6,6,1,9,1,8,3,2023-24,Playoffs,925.824,114.16856767592976
1610612747,Los Angeles Lakers,5,1,4,0.2,1200.0,208,423,0.491725768321513,44,147,0.2993197278911564,72,94,0.7659574468085106,37,166,203,122,55.0,30,20,0,83,0,532,-11.0,13,13,2,13,13,13,13,2,14,14,15,14,14,12,14,13,13,12,1,14,11,1,2,1,13,8,2023-24,Playoffs,463.0656,114.88653011581944
1610612756,Phoenix Suns,4,0,4,0.0,960.0,141,303,0.4653465346534653,38,104,0.3653846153846153,93,112,0.8303571428571429,29,101,130,79,57.0,30,17,0,93,0,413,-60.0,15,15,2,15,15,15,16,7,15,16,5,13,13,3,15,16,16,15,2,14,15,1,4,1,15,13,2023-24,Playoffs,365.0688,113.12936082185058
1610612739,Cleveland Cavaliers,12,5,7,0.4166666666666667,2880.0,449,1001,0.4485514485514486,124,394,0.3147208121827411,155,204,0.7598039215686274,92,373,465,255,146.0,80,55,0,237,0,1177,-67.0,6,8,13,9,6,7,7,11,7,6,13,7,6,13,7,7,7,7,11,5,7,1,12,1,7,15,2023-24,Playoffs,1098.9696,107.10032379421595
1610612740,New Orleans Pelicans,4,0,4,0.0,960.0,134,338,0.3964497041420118,35,131,0.2671755725190839,55,64,0.859375,49,133,182,78,72.0,35,18,0,80,0,358,-63.0,15,15,2,15,15,16,15,16,16,15,16,15,15,1,13,15,14,16,6,11,14,1,1,1,16,14,2023-24,Playoffs,373.5936,95.82605269469283
1610612743,Denver Nuggets,12,7,5,0.5833333333333334,2880.0,467,1022,0.4569471624266145,126,379,0.3324538258575198,166,200,0.83,119,391,510,299,144.0,77,51,0,216,0,1226,-25.0,6,5,11,4,6,6,6,9,6,7,11,6,7,4,6,5,6,5,10,7,8,1,10,1,6,10,2023-24,Playoffs,1089.6,112.51835535976508
1610612746,LA Clippers,6,2,4,0.3333333333333333,1440.0,214,493,0.4340770791075051,71,190,0.3736842105263158,103,130,0.7923076923076923,67,185,252,121,81.0,37,19,0,137,0,602,-40.0,10,10,2,10,12,12,12,14,11,11,3,12,11,9,10,11,11,13,7,10,12,1,7,1,12,12,2023-24,Playoffs,541.6320000000001,111.14557485525228
1610612738,Boston Celtics,19,16,3,0.8421052631578947,4585.0,747,1593,0.4689265536723164,275,764,0.3599476439790576,298,367,0.8119891008174387,184,634,818,452,218.0,119,102,0,298,0,2067,153.0,2,1,1,1,2,3,2,4,1,1,6,2,3,7,2,2,2,3,15,2,2,1,13,1,2,1,2023-24,Playoffs,1716.9408,120.38854222580068
1610612748,Miami Heat,5,1,4,0.2,1200.0,178,406,0.438423645320197,56,170,0.3294117647058823,49,60,0.8166666666666667,28,153,181,106,58.0,23,7,0,84,0,461,-78.0,13,13,2,13,13,14,14,13,13,13,12,16,16,6,16,14,15,14,3,16,16,1,3,1,14,16,2023-24,Playoffs,443.904,103.85128316032296
1610612749,Milwaukee Bucks,6,2,4,0.3333333333333333,1465.0,245,518,0.4729729729729729,67,189,0.3544973544973545,104,127,0.8188976377952756,57,199,256,133,64.0,32,19,0,112,0,661,-17.0,10,10,2,10,10,10,10,3,12,12,10,11,12,5,12,10,10,11,4,13,12,1,5,1,10,9,2023-24,Playoffs,557.6447999999999,118.53423541293672
1610612750,Minnesota Timberwolves,16,9,7,0.5625,3840.0,620,1326,0.4675716440422323,187,521,0.3589251439539347,293,378,0.7751322751322751,170,509,679,383,195.0,116,73,0,333,0,1720,67.0,4,3,13,5,4,4,4,6,4,4,8,3,2,10,5,4,4,4,13,3,4,1,14,1,4,2,2023-24,Playoffs,1456.6272,118.081002469266
1610612752,New York Knicks,13,7,6,0.5384615384615384,3145.0,517,1142,0.4527145359019264,155,413,0.3753026634382566,240,317,0.7570977917981072,175,382,557,293,146.0,74,70,0,232,0,1429,-27.0,5,5,12,6,5,5,5,10,5,5,2,4,4,14,3,6,5,6,11,8,5,1,11,1,5,11,2023-24,Playoffs,1202.3808,118.84753981434169
1610612753,Orlando Magic,7,3,4,0.4285714285714285,1680.0,247,588,0.4200680272108844,72,233,0.3090128755364807,136,176,0.7727272727272727,84,231,315,135,101.0,56,36,0,151,0,702,31.0,9,9,2,8,9,9,9,15,10,9,14,9,9,11,9,9,9,10,8,9,10,1,8,1,9,5,2023-24,Playoffs,655.1424000000001,107.15227712326356
1610612754,Indiana Pacers,17,8,9,0.4705882352941176,4130.0,761,1502,0.5066577896138482,208,559,0.3720930232558139,206,276,0.7463768115942029,175,528,703,508,204.0,93,82,0,348,0,1936,18.0,3,4,15,7,3,2,3,1,3,3,4,5,5,15,3,3,3,1,14,4,3,1,15,1,3,6,2023-24,Playoffs,1586.3424,122.0417483640354
1610612755,Philadelphia 76ers,6,2,4,0.3333333333333333,1465.0,222,500,0.444,81,214,0.3785046728971962,124,148,0.8378378378378378,64,183,247,138,71.0,33,38,0,129,0,649,-1.0,10,10,2,10,10,11,11,12,9,10,1,10,10,2,11,12,12,9,5,12,9,1,6,1,11,7,2023-24,Playoffs,549.2352,118.16431284812046
1610612742,Dallas Mavericks,22,13,9,0.5909090909090909,5280.0,855,1827,0.4679802955665024,262,728,0.3598901098901099,359,499,0.7194388777555111,239,709,948,465,276.0,138,116,0,417,0,2331,57.0,1,2,15,3,1,1,1,5,2,2,7,1,1,16,1,1,1,2,16,1,1,1,16,1,1,4,2023-24,Playoffs,2000.2176,116.53732073950354
1610612760,Oklahoma City Thunder,23,16,7,0.6956521739130435,5545.0,943,2066,0.4564375605033882,272,805,0.337888198757764,480,599,0.8013355592654424,263,739,1002,528,284.0,247,130,0,494,0,2638,192.0,1,1,12,1,2,1,1,5,2,1,13,1,1,4,1,2,1,2,15,1,1,1,15,1,1,1,2024-25,Playoffs,2256.5375999999997,116.90476595648131
1610612754,Indiana Pacers,23,15,8,0.6521739130434783,5570.0,938,1940,0.48350515463917526,303,776,0.3904639175257732,445,567,0.7848324514991182,186,748,934,608,330.0,185,130,0,535,0,2624,47.0,1,2,15,2,1,2,2,2,1,2,1,2,2,7,3,1,2,1,16,2,1,1,16,1,2,4,2024-25,Playoffs,2240.1408,117.13549434035575
1610612753,Orlando Magic,5,1,4,0.2,1200.0,178,422,0.4218009478672986,41,156,0.26282051282051283,71,103,0.6893203883495146,57,142,199,93,58.0,32,19,0,107,0,468,-64.0,12,12,1,12,13,13,13,15,16,15,16,15,14,16,12,14,13,14,1,12,14,1,5,1,14,13,2024-25,Playoffs,449.58720000000005,104.09549026306797
1610612752,New York Knicks,18,10,8,0.5555555555555556,4370.0,709,1557,0.45536287732819525,199,570,0.34912280701754383,355,467,0.7601713062098501,212,555,767,357,248.0,142,84,0,377,0,1972,0.0,3,3,15,4,3,3,3,6,3,3,10,3,3,11,2,3,3,4,14,3,3,1,14,1,3,7,2024-25,Playoffs,1726.5408,114.21682012959091
1610612750,Minnesota Timberwolves,15,9,6,0.6,3600.0,592,1282,0.46177847113884557,199,556,0.3579136690647482,253,328,0.7713414634146342,176,457,633,363,235.0,109,71,0,312,0,1636,40.0,4,4,11,3,4,4,4,4,3,4,7,4,5,8,4,5,5,3,13,4,4,1,13,1,4,5,2024-25,Playoffs,1425.9071999999999,114.73397427265954
1610612749,Milwaukee Bucks,5,1,4,0.2,1225.0,199,439,0.4533029612756264,72,190,0.37894736842105264,81,112,0.7232142857142857,52,166,218,119,65.0,30,18,0,98,0,551,-38.0,12,12,1,12,12,12,12,7,11,12,2,13,12,12,13,12,12,12,3,13,15,1,3,1,12,12,2024-25,Playoffs,481.2288,114.49855037769976
1610612748,Miami Heat,4,0,4,0.0,960.0,145,326,0.4447852760736196,55,159,0.34591194968553457,37,53,0.6981132075471698,40,109,149,85,64.0,18,12,0,69,0,382,-122.0,15,15,1,15,15,15,16,11,14,14,12,16,16,15,16,16,16,15,2,16,16,1,1,1,16,16,2024-25,Playoffs,358.3872,106.58862816529162
1610612744,Golden State Warriors,12,5,7,0.4166666666666667,2880.0,442,1026,0.43079922027290446,164,465,0.35268817204301073,189,246,0.7682926829268293,145,339,484,279,173.0,107,47,0,254,0,1237,-36.0,6,7,12,10,6,6,6,14,6,6,8,8,8,9,6,7,6,6,11,5,8,1,11,1,6,11,2024-25,Playoffs,1115.7504,110.86708998715127
1610612746,LA Clippers,7,3,4,0.42857142857142855,1705.0,288,592,0.4864864864864865,84,231,0.36363636363636365,98,137,0.7153284671532847,70,206,276,182,84.0,56,50,0,135,0,758,4.0,9,9,1,8,9,9,9,1,9,9,4,11,11,13,10,10,10,9,6,9,7,1,7,1,9,6,2024-25,Playoffs,639.6288,118.506233615497
1610612745,Houston Rockets,7,3,4,0.42857142857142855,1680.0,257,576,0.4461805555555556,74,198,0.37373737373737376,140,200,0.7,94,234,328,137,95.0,55,36,0,124,0,728,0.0,9,9,1,8,10,10,10,9,10,10,3,9,9,14,9,9,9,10,7,10,10,1,6,1,10,7,2024-25,Playoffs,638.4,114.03508771929825
1610612743,Denver Nuggets,14,7,7,0.5,3410.0,540,1211,0.44591246903385634,166,479,0.3465553235908142,252,330,0.7636363636363637,172,478,650,317,221.0,106,59,0,279,0,1498,-68.0,5,5,12,7,5,5,5,10,5,5,11,5,4,10,5,4,4,5,12,6,5,1,12,1,5,14,2024-25,Playoffs,1348.992,111.04587721795237
1610612739,Cleveland Cavaliers,9,5,4,0.5555555555555556,2160.0,368,790,0.46582278481012657,134,369,0.36314363143631434,205,251,0.8167330677290837,111,291,402,206,109.0,80,32,0,167,0,1075,105.0,8,7,1,4,8,8,8,3,8,8,5,6,6,3,8,8,8,8,9,7,11,1,9,1,8,2,2024-25,Playoffs,862.5024,124.63733434248996
1610612738,Boston Celtics,11,6,5,0.5454545454545454,2665.0,404,913,0.4424972617743702,156,433,0.36027713625866054,199,249,0.7991967871485943,119,355,474,220,145.0,74,59,0,215,0,1163,61.0,7,6,10,6,7,7,7,12,7,7,6,7,7,5,7,6,7,7,10,8,5,1,10,1,7,3,2024-25,Playoffs,1006.6175999999999,115.5354327204293
1610612763,Memphis Grizzlies,4,0,4,0.0,960.0,144,347,0.414985590778098,42,138,0.30434782608695654,72,82,0.8780487804878049,41,136,177,82,77.0,23,26,0,83,0,402,-78.0,15,15,1,15,15,16,15,16,15,16,15,14,15,1,15,15,15,16,5,15,12,1,2,1,15,15,2024-25,Playoffs,402.31679999999994,99.9212560847571
1610612747,Los Angeles Lakers,5,1,4,0.2,1200.0,173,394,0.43908629441624364,68,194,0.35051546391752575,88,106,0.8301886792452831,48,147,195,106,73.0,25,25,0,105,0,502,-35.0,12,12,1,12,13,14,14,13,12,11,9,12,13,2,14,13,14,13,4,14,13,1,4,1,13,10,2024-25,Playoffs,447.01439999999997,112.30063282077715
1610612765,Detroit Pistons,6,2,4,0.3333333333333333,1440.0,223,496,0.4495967741935484,61,188,0.324468085106383,133,167,0.7964071856287425,66,197,263,120,99.0,43,38,0,137,0,640,-8.0,11,11,1,11,11,11,11,8,13,13,14,10,10,6,11,11,11,11,8,11,9,1,8,1,11,9,2024-25,Playoffs,578.3808,110.6537423095649
